taid,first_name,last_name,email,gender,ip_address
1,Anabella,MacDougal,amacdougal0@boston.com,Female,60.186.212.124
2,Ferrell,McBean,fmcbean1@topsy.com,Male,46.8.22.30
3,Ned,Feely,nfeely2@cam.ac.uk,Male,52.91.93.133
4,Godfree,Domican,gdomican3@ow.ly,Male,20.226.80.246
5,Evin,Doding,edoding4@blog.com,Male,70.98.207.16
6,Coleman,Screwton,cscrewton5@jigsy.com,Male,174.252.229.119
7,Malcolm,Scirman,mscirman6@4shared.com,Male,92.150.42.122
8,Anni,Vallow,avallow7@unesco.org,Female,173.22.20.94
9,Renaud,Phillip,rphillip8@jigsy.com,Male,134.206.102.225
10,Pepi,Sindall,psindall9@addthis.com,Female,186.112.91.36
11,Bambi,Blanden,bblandena@bbc.co.uk,Female,95.65.36.177
12,Nomi,Dybald,ndybaldb@sphinn.com,Female,163.28.185.102
13,Trenton,Wain,twainc@google.ca,Male,47.39.54.245
14,Alic,Saffon,asaffond@fda.gov,Genderqueer,50.11.254.35
15,Bjorn,Whyke,bwhykee@symantec.com,Male,103.193.58.230
16,Viki,Swepstone,vswepstonef@discuz.net,Female,39.159.233.29
17,Mose,Haston,mhastong@discuz.net,Male,215.78.159.71
18,Alwyn,Trevna,atrevnah@mac.com,Male,173.170.252.133
19,Miguela,Kerbler,mkerbleri@slashdot.org,Female,97.222.221.90
20,Kathryne,Buer,kbuerj@europa.eu,Female,51.229.244.25
21,Orelle,Speirs,ospeirsk@europa.eu,Female,98.36.13.166
22,Bertha,Romao,bromaol@canalblog.com,Female,107.227.70.111
23,Alfie,Wybern,awybernm@jiathis.com,Male,166.99.127.160
24,Mavra,Benedetti,mbenedettin@mapquest.com,Genderfluid,36.94.78.137
25,Cloris,Caig,ccaigo@illinois.edu,Female,183.96.188.232
26,Mycah,Jancso,mjancsop@time.com,Male,227.181.30.87
27,Randal,Whittaker,rwhittakerq@t.co,Male,8.190.141.186
28,Yevette,Richarz,yricharzr@craigslist.org,Genderqueer,157.8.53.83
29,Doloritas,Morriss,dmorrisss@domainmarket.com,Female,171.220.105.12
30,Israel,De Cruz,idecruzt@hao123.com,Male,101.43.186.169
31,Aurie,Scarsbrick,ascarsbricku@ibm.com,Female,221.178.172.147
32,Dix,Wollers,dwollersv@github.com,Female,61.149.202.10
33,Riordan,Bresner,rbresnerw@typepad.com,Non-binary,251.244.110.186
34,Gabi,Gonsalvez,ggonsalvezx@php.net,Male,135.16.165.142
35,Patrick,Novacek,pnovaceky@google.it,Male,108.136.106.22
36,Freeland,Simenon,fsimenonz@hp.com,Male,19.199.195.75
37,Dav,Storrock,dstorrock10@ted.com,Male,245.126.16.1
38,Danica,Sherlock,dsherlock11@telegraph.co.uk,Female,108.220.209.113
39,Gene,Smallshaw,gsmallshaw12@jugem.jp,Female,142.175.110.15
40,Guillermo,Salvadore,gsalvadore13@ow.ly,Male,158.94.21.144
41,Cornie,Delleschi,cdelleschi14@hc360.com,Bigender,198.188.186.137
42,Ashleigh,Powney,apowney15@blogger.com,Female,84.249.192.141
43,Julia,Tejero,jtejero16@nationalgeographic.com,Female,164.179.40.172
44,Shermy,Mitchell,smitchell17@timesonline.co.uk,Male,108.23.227.4
45,Kermie,MacLeese,kmacleese18@go.com,Male,246.7.169.90
46,Elsworth,Millson,emillson19@flickr.com,Male,76.70.182.134
47,Florie,Linning,flinning1a@mozilla.com,Female,52.205.236.161
48,Marylou,Simoens,msimoens1b@printfriendly.com,Female,9.212.235.138
49,Caro,Wicklen,cwicklen1c@telegraph.co.uk,Female,26.39.231.62
50,Trumaine,Simeoni,tsimeoni1d@tuttocitta.it,Male,218.134.190.204
51,Dorian,Blackborow,dblackborow1e@4shared.com,Male,22.82.199.227
52,Lance,Ottley,lottley1f@shop-pro.jp,Male,152.214.63.50
53,Levi,Lambricht,llambricht1g@wufoo.com,Male,88.230.247.160
54,Ora,Dake,odake1h@si.edu,Female,162.121.43.201
55,Finn,Bullar,fbullar1i@alibaba.com,Male,179.213.158.229
56,Murdoch,Holberry,mholberry1j@mail.ru,Male,45.132.71.41
57,Matthias,Stapford,mstapford1k@mail.ru,Male,216.142.213.143
58,Ibbie,Onions,ionions1l@goo.gl,Female,90.229.196.84
59,Ethelyn,Renshall,erenshall1m@twitter.com,Female,116.224.99.196
60,Cordi,Gillivrie,cgillivrie1n@mashable.com,Female,2.215.253.240
61,Alistair,Haggar,ahaggar1o@elpais.com,Male,33.17.1.71
62,Candie,Henmarsh,chenmarsh1p@1und1.de,Female,178.19.254.144
63,Mignonne,Daubney,mdaubney1q@sitemeter.com,Female,134.78.207.108
64,Lianna,Turner,lturner1r@omniture.com,Female,239.56.241.88
65,Herrick,Cordner,hcordner1s@bravesites.com,Male,4.16.219.150
66,Hana,De La Salle,hdelasalle1t@mozilla.org,Female,176.27.118.127
67,Richard,Winston,rwinston1u@hugedomains.com,Male,212.108.72.55
68,Michale,Ashbey,mashbey1v@comsenz.com,Male,141.6.98.102
69,Thekla,Van Eeden,tvaneeden1w@cnbc.com,Female,246.134.112.154
70,Fairleigh,Cristoforetti,fcristoforetti1x@ca.gov,Genderqueer,225.128.22.69
71,Ephrem,Pickrill,epickrill1y@msu.edu,Male,86.140.120.135
72,Avie,Conen,aconen1z@umich.edu,Female,105.140.188.238
73,Angelico,Phillcock,aphillcock20@unc.edu,Male,192.78.158.244
74,Ernest,Sarney,esarney21@webmd.com,Male,190.92.254.239
75,Lancelot,Gladdin,lgladdin22@google.de,Male,252.240.105.1
76,Tim,Eyton,teyton23@cbsnews.com,Genderqueer,200.59.224.58
77,Beauregard,Cusiter,bcusiter24@auda.org.au,Male,222.22.21.12
78,Pacorro,Luis,pluis25@cloudflare.com,Male,241.28.92.156
79,Rahel,Fitzsimons,rfitzsimons26@tinyurl.com,Female,68.205.16.47
80,Shurlocke,Pauwel,spauwel27@chronoengine.com,Male,191.200.7.252
81,Raffarty,Rainard,rrainard28@uiuc.edu,Male,25.178.18.62
82,Laurice,Garbott,lgarbott29@friendfeed.com,Female,163.60.100.17
83,Danya,Ruane,druane2a@marketwatch.com,Female,137.151.92.239
84,Osbourn,Wilkes,owilkes2b@joomla.org,Male,75.176.60.13
85,Northrop,Kesper,nkesper2c@altervista.org,Male,93.13.1.37
86,Anthe,Sopp,asopp2d@i2i.jp,Female,157.12.254.79
87,Tann,McGlade,tmcglade2e@google.cn,Male,11.18.54.70
88,Pamelina,Callum,pcallum2f@google.com,Female,97.14.194.197
89,Tobiah,Caughte,tcaughte2g@bloglines.com,Genderfluid,30.54.56.246
90,Micky,Bow,mbow2h@sphinn.com,Male,7.245.28.17
91,Gunilla,Greene,ggreene2i@freewebs.com,Female,245.76.46.86
92,Humfrey,Maunder,hmaunder2j@fastcompany.com,Male,138.206.143.235
93,Stu,Collett,scollett2k@dailymotion.com,Male,67.159.51.146
94,Natasha,Archibould,narchibould2l@ebay.com,Female,16.10.136.0
95,Ellissa,Philpots,ephilpots2m@istockphoto.com,Female,111.139.101.254
96,Miranda,Sleaford,msleaford2n@digg.com,Female,194.25.226.47
97,Obidiah,Dunnett,odunnett2o@tmall.com,Male,133.52.39.90
98,Terri,Kays,tkays2p@nymag.com,Male,141.136.48.236
99,Merline,Beckson,mbeckson2q@noaa.gov,Female,127.191.232.187
100,Carolin,Canelas,ccanelas2r@pbs.org,Female,157.26.130.118
101,Patton,Sheber,psheber2s@va.gov,Male,254.160.141.133
102,Francesca,Zecchinii,fzecchinii2t@lycos.com,Female,43.66.201.210
103,Burnard,Calcraft,bcalcraft2u@netvibes.com,Male,75.36.174.115
104,Wain,Sykes,wsykes2v@ocn.ne.jp,Male,210.169.153.80
105,Brittani,Kubas,bkubas2w@github.io,Female,31.48.55.228
106,Marchall,Heisler,mheisler2x@sphinn.com,Male,27.125.33.72
107,Taddeusz,Pocock,tpocock2y@chron.com,Male,210.151.166.121
108,Ingmar,Germon,igermon2z@who.int,Agender,154.172.85.108
109,Kissiah,Simonot,ksimonot30@mozilla.org,Female,76.232.16.242
110,Andria,Mawne,amawne31@usa.gov,Female,65.61.67.5
111,Yuri,Gallatly,ygallatly32@salon.com,Genderqueer,16.185.40.155
112,Martica,Briffett,mbriffett33@soup.io,Female,201.188.25.2
113,Prescott,Gemelli,pgemelli34@symantec.com,Male,196.74.245.60
114,Maribeth,Matteucci,mmatteucci35@harvard.edu,Female,78.234.231.232
115,Ruggiero,Borzoni,rborzoni36@salon.com,Agender,160.201.28.136
116,Ellette,Ferruzzi,eferruzzi37@vkontakte.ru,Female,65.73.213.63
117,Oona,Astles,oastles38@bizjournals.com,Female,180.116.159.31
118,Christabella,McArley,cmcarley39@wiley.com,Female,37.109.201.22
119,Chrissie,Paschek,cpaschek3a@telegraph.co.uk,Male,30.76.42.132
120,Margret,Prout,mprout3b@mapy.cz,Female,246.234.190.79
121,Alyse,Alphege,aalphege3c@amazon.com,Female,234.27.218.23
122,Dehlia,Meadus,dmeadus3d@cdc.gov,Female,209.77.45.131
123,Hamid,Renner,hrenner3e@icq.com,Male,207.2.7.178
124,Ralina,Gillitt,rgillitt3f@hatena.ne.jp,Female,138.199.156.11
125,Stephi,Casina,scasina3g@ucsd.edu,Female,76.130.3.204
126,Tildi,Scritch,tscritch3h@sun.com,Female,8.189.82.203
127,Hyacintha,Grunguer,hgrunguer3i@pagesperso-orange.fr,Female,79.186.47.248
128,Julie,Andrusyak,jandrusyak3j@forbes.com,Genderfluid,35.129.184.233
129,Beatrisa,Trathen,btrathen3k@usgs.gov,Polygender,176.54.167.90
130,Ursuline,Haslum,uhaslum3l@tripadvisor.com,Female,38.147.162.105
131,Kane,Fairlaw,kfairlaw3m@mit.edu,Male,197.38.159.86
132,Josiah,Swannick,jswannick3n@devhub.com,Male,202.146.110.245
133,Meara,Dillamore,mdillamore3o@sphinn.com,Female,28.23.26.100
134,Ceciley,Killwick,ckillwick3p@pcworld.com,Female,164.176.189.150
135,Meir,Turbefield,mturbefield3q@issuu.com,Male,228.19.205.204
136,Munmro,Drever,mdrever3r@phoca.cz,Male,150.162.43.89
137,Nannette,Kohrt,nkohrt3s@topsy.com,Female,153.116.98.2
138,Serge,Cullimore,scullimore3t@bing.com,Male,31.231.57.101
139,Cthrine,Tanswell,ctanswell3u@ed.gov,Female,138.191.246.177
140,Ringo,Thackham,rthackham3v@ow.ly,Male,95.94.9.254
141,Melodee,Figgen,mfiggen3w@g.co,Female,56.246.23.232
142,Hillary,Peppett,hpeppett3x@dion.ne.jp,Male,109.170.114.171
143,Ahmed,Ruecastle,aruecastle3y@squidoo.com,Male,199.19.78.102
144,Dyna,Navarre,dnavarre3z@timesonline.co.uk,Female,127.8.81.239
145,Rosita,Mulryan,rmulryan40@live.com,Female,21.181.37.178
146,Dame,Gallehock,dgallehock41@vkontakte.ru,Male,178.28.222.149
147,Odelia,Greenshiels,ogreenshiels42@google.cn,Female,10.49.171.146
148,Jay,Elsey,jelsey43@census.gov,Male,101.61.155.176
149,Leeanne,Maskill,lmaskill44@nytimes.com,Female,203.188.130.132
150,Katie,Anglish,kanglish45@engadget.com,Female,43.19.193.112
151,Bogart,Lambarth,blambarth46@epa.gov,Male,242.27.57.112
152,Jervis,Oliff,joliff47@netvibes.com,Male,128.85.92.83
153,Marlene,Casewell,mcasewell48@netscape.com,Female,138.94.138.124
154,Amelita,Puddan,apuddan49@elpais.com,Female,202.9.245.145
155,Lauren,Barrington,lbarrington4a@desdev.cn,Male,168.198.133.23
156,Gannon,Canadine,gcanadine4b@liveinternet.ru,Male,254.254.78.248
157,Glynis,Crudgington,gcrudgington4c@gizmodo.com,Female,111.91.219.52
158,Leoine,Upham,lupham4d@si.edu,Female,40.5.34.23
159,Fred,Mithon,fmithon4e@gov.uk,Female,80.94.25.69
160,Ezra,Mensler,emensler4f@msu.edu,Male,237.116.206.222
161,Xaviera,Mayer,xmayer4g@vk.com,Female,138.135.96.89
162,Tandy,Tonry,ttonry4h@nasa.gov,Genderqueer,54.175.122.205
163,Bevin,Sampey,bsampey4i@google.ca,Male,254.185.67.255
164,Erena,Antoniou,eantoniou4j@comcast.net,Polygender,211.222.117.107
165,Lanita,Gowanlock,lgowanlock4k@ibm.com,Female,126.230.203.75
166,Abbie,Radloff,aradloff4l@pen.io,Female,90.35.53.153
167,Leif,Easom,leasom4m@reverbnation.com,Male,75.152.126.30
168,Northrop,Ruddlesden,nruddlesden4n@flavors.me,Male,179.183.59.21
169,Porter,Aldersley,paldersley4o@wikimedia.org,Male,155.150.130.42
170,Piotr,Chasteau,pchasteau4p@princeton.edu,Male,134.229.80.185
171,Laryssa,Cleworth,lcleworth4q@istockphoto.com,Female,119.136.119.85
172,Yancey,Kebell,ykebell4r@acquirethisname.com,Male,56.230.173.225
173,Waly,Treker,wtreker4s@auda.org.au,Female,60.5.78.74
174,Arleta,Dilliston,adilliston4t@tuttocitta.it,Female,61.68.82.214
175,Reggie,Keer,rkeer4u@sina.com.cn,Male,12.56.151.233
176,Lutero,Pochon,lpochon4v@illinois.edu,Male,157.65.197.237
177,Noreen,Fossick,nfossick4w@pinterest.com,Female,39.138.193.81
178,Raddy,Winning,rwinning4x@phoca.cz,Male,127.147.244.239
179,Juan,Vanelli,jvanelli4y@google.co.jp,Male,29.135.116.29
180,Vannie,Merrgen,vmerrgen4z@google.co.uk,Female,116.58.255.202
181,Eli,Blunn,eblunn50@joomla.org,Male,205.67.70.5
182,Erhard,Bullcock,ebullcock51@techcrunch.com,Male,87.122.220.151
183,Emmi,Emanueli,eemanueli52@yahoo.com,Non-binary,109.189.119.12
184,Vernen,Gilchrist,vgilchrist53@hhs.gov,Male,205.66.211.142
185,Paten,Hordle,phordle54@admin.ch,Male,4.15.0.61
186,Gray,Andrzej,gandrzej55@telegraph.co.uk,Female,35.62.85.220
187,Alida,Cush,acush56@nsw.gov.au,Female,163.191.239.183
188,Stanton,Eccleston,seccleston57@theglobeandmail.com,Male,115.220.244.223
189,Alleen,Gley,agley58@prlog.org,Female,79.120.4.89
190,Alla,Hause,ahause59@devhub.com,Female,164.208.187.206
191,Ronica,Banghe,rbanghe5a@senate.gov,Female,130.123.5.9
192,Katie,Breedy,kbreedy5b@pen.io,Female,187.186.103.195
193,Alberta,O'Dougherty,aodougherty5c@sciencedaily.com,Female,121.169.77.78
194,Alden,Billson,abillson5d@prlog.org,Male,111.178.250.3
195,Haley,Shapera,hshapera5e@mlb.com,Male,248.213.108.34
196,Ulrika,Mineghelli,umineghelli5f@xing.com,Female,7.85.56.84
197,Davy,Hedlestone,dhedlestone5g@fc2.com,Male,171.246.214.198
198,Roxi,Bignal,rbignal5h@discovery.com,Female,118.116.50.172
199,Valida,Kuhn,vkuhn5i@constantcontact.com,Female,204.152.219.187
200,Rowe,Dixie,rdixie5j@google.de,Female,91.110.20.19
201,Cynthia,Briatt,cbriatt5k@phpbb.com,Non-binary,134.8.11.112
202,Noelani,Rumble,nrumble5l@patch.com,Female,70.48.36.177
203,Rem,Dauby,rdauby5m@alibaba.com,Male,52.102.164.93
204,Gay,Broxton,gbroxton5n@disqus.com,Male,200.35.207.38
205,Molli,Tookey,mtookey5o@hao123.com,Female,175.93.59.18
206,Shaylyn,Simants,ssimants5p@ning.com,Female,17.37.107.140
207,Griffy,Korneluk,gkorneluk5q@plala.or.jp,Male,20.239.128.211
208,Marcille,Aery,maery5r@state.tx.us,Female,248.1.250.55
209,Elva,Roddell,eroddell5s@freewebs.com,Female,246.11.46.140
210,Myrle,Attride,mattride5t@adobe.com,Non-binary,124.120.148.128
211,Baxter,Gabala,bgabala5u@cbslocal.com,Male,53.19.112.104
212,Elna,Keasy,ekeasy5v@dion.ne.jp,Female,174.133.242.202
213,Amandy,Danniel,adanniel5w@tuttocitta.it,Female,190.248.5.84
214,Verile,Delgua,vdelgua5x@list-manage.com,Female,88.206.40.218
215,Erastus,Myderscough,emyderscough5y@walmart.com,Male,14.233.231.174
216,Jo,Sarl,jsarl5z@apple.com,Male,163.114.240.165
217,Evita,Haddacks,ehaddacks60@deliciousdays.com,Female,249.164.99.164
218,Joella,Bea,jbea61@state.gov,Female,252.172.33.193
219,Sandy,Cambridge,scambridge62@dailymail.co.uk,Female,51.85.119.149
220,Temple,Czadla,tczadla63@theglobeandmail.com,Male,227.135.22.98
221,Rosemonde,Donkersley,rdonkersley64@howstuffworks.com,Female,240.100.69.218
222,Alexine,Bixley,abixley65@weather.com,Female,111.206.176.104
223,Berti,Stede,bstede66@guardian.co.uk,Male,167.61.48.56
224,Lemmy,Goracci,lgoracci67@biblegateway.com,Male,154.204.125.98
225,Ruthe,Cottrill,rcottrill68@opera.com,Female,56.209.203.198
226,Reggi,Emblow,remblow69@npr.org,Non-binary,166.148.180.76
227,Rebekah,Fawcus,rfawcus6a@usa.gov,Female,160.48.128.2
228,Martie,Arlt,marlt6b@wikia.com,Female,55.193.244.98
229,Mady,Willimot,mwillimot6c@geocities.jp,Female,224.55.188.195
230,Joelynn,Rosenau,jrosenau6d@domainmarket.com,Female,45.84.205.196
231,May,Stothard,mstothard6e@ning.com,Female,10.137.137.100
232,Trixy,Dewett,tdewett6f@clickbank.net,Female,34.46.32.192
233,Morse,Scarlett,mscarlett6g@tamu.edu,Male,116.10.89.230
234,Ysabel,Laurie,ylaurie6h@sciencedirect.com,Female,28.91.252.165
235,Dare,Capewell,dcapewell6i@geocities.com,Male,131.164.146.62
236,Cleon,Karlolak,ckarlolak6j@npr.org,Bigender,237.191.29.99
237,Marlene,Gainsborough,mgainsborough6k@flavors.me,Female,253.34.174.26
238,Erminie,Bricket,ebricket6l@photobucket.com,Female,253.96.197.97
239,Deanna,Gallaccio,dgallaccio6m@google.fr,Agender,114.177.205.163
240,Devina,Boreland,dboreland6n@w3.org,Female,107.17.255.171
241,Mikael,MacConnal,mmacconnal6o@latimes.com,Male,184.113.207.6
242,Shep,Fenich,sfenich6p@java.com,Male,85.106.94.22
243,Dasya,Birmingham,dbirmingham6q@buzzfeed.com,Female,93.253.134.33
244,Gisele,Bridgen,gbridgen6r@blogspot.com,Female,137.143.46.209
245,Felicio,Surcombe,fsurcombe6s@hud.gov,Male,247.47.22.238
246,Celka,Stedmond,cstedmond6t@wikispaces.com,Female,138.250.26.25
247,Domenico,Esposito,desposito6u@diigo.com,Male,70.224.152.49
248,Ashli,Lavallie,alavallie6v@cdbaby.com,Female,101.146.50.48
249,Opal,Brettelle,obrettelle6w@ow.ly,Female,183.173.130.130
250,Shawnee,Masarrat,smasarrat6x@exblog.jp,Female,1.169.198.162
251,Georgeanne,Boys,gboys6y@tamu.edu,Female,152.110.216.221
252,Emmeline,Boswood,eboswood6z@google.it,Female,184.147.63.185
253,Packston,Matthius,pmatthius70@symantec.com,Male,106.194.14.124
254,Jamil,Valentelli,jvalentelli71@whitehouse.gov,Male,240.73.242.144
255,Nev,Bilverstone,nbilverstone72@goo.ne.jp,Male,193.104.21.244
256,Hester,Laugherane,hlaugherane73@yahoo.com,Female,163.106.250.108
257,Lindy,Lillico,llillico74@oaic.gov.au,Female,125.13.161.84
258,Carmela,Tooley,ctooley75@bluehost.com,Female,219.149.96.177
259,Ev,Serjeantson,eserjeantson76@go.com,Male,145.132.30.88
260,Dalenna,Marjot,dmarjot77@google.com.au,Female,70.181.188.49
261,Kit,Gounot,kgounot78@yale.edu,Male,245.175.42.178
262,Maisie,O'Reagan,moreagan79@disqus.com,Female,68.93.50.136
263,Latisha,Kilminster,lkilminster7a@upenn.edu,Female,92.138.125.38
264,Benedetta,Slora,bslora7b@paginegialle.it,Genderqueer,77.44.185.158
265,Joane,Blanchette,jblanchette7c@dion.ne.jp,Female,60.32.12.1
266,Bernard,Trask,btrask7d@baidu.com,Male,230.182.68.206
267,Joyann,Limpenny,jlimpenny7e@twitpic.com,Agender,107.192.102.147
268,Annis,Spurgeon,aspurgeon7f@skyrock.com,Female,7.64.118.153
269,Ossie,Swafield,oswafield7g@t-online.de,Male,155.255.125.242
270,Bree,Ludovici,bludovici7h@live.com,Female,66.102.187.234
271,Dun,Wattisham,dwattisham7i@baidu.com,Male,207.37.35.27
272,Johannah,Jaggard,jjaggard7j@fema.gov,Female,218.213.234.80
273,Connie,Passion,cpassion7k@mysql.com,Male,47.145.195.251
274,Burt,Cranshaw,bcranshaw7l@tmall.com,Male,113.204.165.37
275,Carmita,Frohock,cfrohock7m@dailymail.co.uk,Female,78.132.56.45
276,Karlens,Brydone,kbrydone7n@whitehouse.gov,Male,4.214.89.223
277,Letizia,O'Reilly,loreilly7o@sakura.ne.jp,Female,172.89.5.218
278,Thatcher,Yellop,tyellop7p@gravatar.com,Male,124.50.45.102
279,Jean,Swaden,jswaden7q@barnesandnoble.com,Female,10.181.201.23
280,Gibb,Wason,gwason7r@prlog.org,Male,9.37.239.242
281,Augie,Pavis,apavis7s@soundcloud.com,Male,44.149.223.83
282,Abbey,Skoggins,askoggins7t@netvibes.com,Female,198.208.122.126
283,Robinson,Tinkham,rtinkham7u@redcross.org,Male,100.187.150.67
284,Prent,Linfoot,plinfoot7v@hexun.com,Male,174.253.190.219
285,Fabien,Hamby,fhamby7w@sakura.ne.jp,Male,131.131.72.232
286,Virgie,Allibon,vallibon7x@chicagotribune.com,Female,52.123.243.188
287,Rand,Berriman,rberriman7y@ask.com,Male,171.36.3.150
288,Olly,Lucks,olucks7z@unicef.org,Male,58.61.248.33
289,Farleigh,Comar,fcomar80@geocities.jp,Male,138.197.242.26
290,Basia,Tapsfield,btapsfield81@csmonitor.com,Female,162.151.84.241
291,Ivonne,Fattore,ifattore82@tiny.cc,Female,237.217.245.251
292,Antone,Bugden,abugden83@paginegialle.it,Male,217.106.39.241
293,Brose,Greenhalgh,bgreenhalgh84@springer.com,Male,208.147.94.148
294,Bibbie,Whiteford,bwhiteford85@blog.com,Female,90.117.101.177
295,Carlin,Sterke,csterke86@pen.io,Male,14.247.203.245
296,Buiron,Jerrans,bjerrans87@gov.uk,Male,140.4.180.39
297,Junia,Bartoszek,jbartoszek88@boston.com,Female,196.24.48.83
298,Cordula,Hadeke,chadeke89@umich.edu,Female,6.187.128.9
299,Jacquelyn,Linley,jlinley8a@lycos.com,Female,184.221.64.211
300,Alejoa,Castagne,acastagne8b@cdc.gov,Male,7.71.232.4
301,Caryl,Whyler,cwhyler8c@woothemes.com,Female,1.119.237.111
302,Steffie,Orhrt,sorhrt8d@engadget.com,Female,216.3.235.121
303,Kaylyn,Whiley,kwhiley8e@tuttocitta.it,Female,255.92.78.178
304,Querida,Gramer,qgramer8f@gravatar.com,Bigender,185.59.161.210
305,Rochelle,Rutter,rrutter8g@uiuc.edu,Female,113.156.165.23
306,Barb,Blatcher,bblatcher8h@china.com.cn,Female,84.178.95.212
307,Anthony,Monni,amonni8i@usda.gov,Male,199.74.57.51
308,Hagen,Schwanden,hschwanden8j@mac.com,Male,13.173.7.56
309,Shena,Jackalin,sjackalin8k@shutterfly.com,Female,198.194.193.152
310,Lissi,Whithalgh,lwhithalgh8l@buzzfeed.com,Female,161.62.167.240
311,Fidela,Casey,fcasey8m@salon.com,Female,230.23.25.233
312,Anet,Greiswood,agreiswood8n@163.com,Female,182.25.86.81
313,Lorene,Shaddick,lshaddick8o@go.com,Female,193.178.30.107
314,Quentin,Stapele,qstapele8p@google.it,Genderfluid,88.37.57.164
315,Cole,Antognazzi,cantognazzi8q@de.vu,Male,122.45.236.137
316,Marget,Nolda,mnolda8r@oracle.com,Female,111.168.108.246
317,Hort,Chesnay,hchesnay8s@ft.com,Bigender,202.199.4.166
318,Yorgo,Dodle,ydodle8t@bloglines.com,Male,235.34.135.49
319,Cristine,Dwane,cdwane8u@t.co,Female,73.48.80.35
320,Eben,Lilloe,elilloe8v@ft.com,Male,212.245.14.130
321,Alanna,Raubenheimer,araubenheimer8w@chicagotribune.com,Female,211.208.121.90
322,Tiebout,Vasilic,tvasilic8x@hhs.gov,Male,106.91.137.59
323,Tucker,Munkton,tmunkton8y@mtv.com,Male,216.242.109.153
324,Charmion,Bosher,cbosher8z@sbwire.com,Female,79.99.249.106
325,Taylor,Sweating,tsweating90@house.gov,Male,52.50.95.226
326,Corina,Jakubowski,cjakubowski91@github.com,Female,42.29.223.155
327,Derwin,Collingham,dcollingham92@digg.com,Male,246.66.209.69
328,Fons,Stoffers,fstoffers93@furl.net,Male,100.240.116.240
329,Dorothy,Jankowski,djankowski94@chronoengine.com,Female,149.122.18.162
330,Susy,Batterbee,sbatterbee95@sitemeter.com,Female,173.32.166.41
331,Ignace,Strass,istrass96@vinaora.com,Male,209.154.61.34
332,Delinda,Zorzoni,dzorzoni97@shutterfly.com,Female,235.101.135.253
333,Pace,Siveter,psiveter98@arstechnica.com,Male,8.50.29.152
334,Wallie,Eagell,weagell99@people.com.cn,Agender,79.253.58.177
335,Oralie,Durak,odurak9a@w3.org,Female,122.164.231.249
336,Derry,Scard,dscard9b@hexun.com,Agender,182.18.237.239
337,Eleanora,Loosely,eloosely9c@alibaba.com,Female,107.141.200.56
338,Roslyn,Costelow,rcostelow9d@thetimes.co.uk,Female,143.67.172.169
339,Judith,Gratrex,jgratrex9e@army.mil,Female,170.122.67.157
340,Wilhelmina,Halliwell,whalliwell9f@nyu.edu,Female,216.197.14.162
341,Sigfrid,Aleso,saleso9g@alexa.com,Male,226.104.178.91
342,Allx,Coard,acoard9h@etsy.com,Female,7.0.197.91
343,August,Milton,amilton9i@tamu.edu,Male,229.93.65.25
344,Parrnell,Pyper,ppyper9j@cargocollective.com,Male,136.110.193.59
345,Selia,Pauwel,spauwel9k@irs.gov,Female,21.230.108.215
346,Rees,Winterbotham,rwinterbotham9l@forbes.com,Genderfluid,233.154.180.35
347,Daniele,Burnes,dburnes9m@usgs.gov,Female,49.232.26.149
348,Jere,Cokly,jcokly9n@ehow.com,Female,88.92.41.216
349,Sargent,Cassey,scassey9o@symantec.com,Male,97.226.76.134
350,Alfonse,Sigsworth,asigsworth9p@multiply.com,Male,10.217.8.62
351,Marco,Stedell,mstedell9q@sitemeter.com,Male,19.249.248.5
352,Giusto,Salack,gsalack9r@usda.gov,Male,10.197.130.243
353,Jerri,Gorrick,jgorrick9s@cdbaby.com,Genderfluid,119.113.254.223
354,Krishnah,Rengger,krengger9t@arizona.edu,Male,28.219.164.30
355,Dana,Dable,ddable9u@stumbleupon.com,Female,49.149.78.16
356,Jessalyn,Jore,jjore9v@blog.com,Non-binary,129.162.61.244
357,Luise,Emsley,lemsley9w@clickbank.net,Female,115.112.158.80
358,Tate,Antill,tantill9x@skyrock.com,Male,114.148.237.250
359,Jobey,Stollery,jstollery9y@blogs.com,Female,4.248.56.92
360,Latisha,Reddington,lreddington9z@blogger.com,Female,50.43.78.7
361,Phaedra,Strelitzer,pstrelitzera0@nsw.gov.au,Female,156.118.95.106
362,Grayce,Behan,gbehana1@fema.gov,Female,226.170.220.232
363,Millard,Scrivinor,mscrivinora2@walmart.com,Male,192.163.101.154
364,Brady,Salvidge,bsalvidgea3@imgur.com,Male,231.41.100.70
365,Darda,Egalton,degaltona4@theglobeandmail.com,Female,104.252.100.162
366,Nadiya,Powderham,npowderhama5@alexa.com,Female,111.154.118.134
367,Suzie,Leap,sleapa6@opensource.org,Female,10.96.213.11
368,Salem,Drew-Clifton,sdrewcliftona7@drupal.org,Male,181.26.237.177
369,Ingeborg,Braganza,ibraganzaa8@samsung.com,Female,172.148.163.28
370,Rikki,Harlick,rharlicka9@merriam-webster.com,Female,96.95.243.163
371,Susana,O'Lagene,solageneaa@blogs.com,Female,235.102.165.13
372,Salomi,Slatford,sslatfordab@arizona.edu,Female,99.147.227.31
373,Torie,Yerrell,tyerrellac@php.net,Female,158.159.15.33
374,Maximilianus,Sherville,mshervillead@thetimes.co.uk,Male,21.44.92.68
375,Otes,Drei,odreiae@vistaprint.com,Male,68.215.83.26
376,Vania,Groocock,vgroocockaf@imageshack.us,Female,30.253.44.47
377,Lebbie,Bleakley,lbleakleyag@twitpic.com,Female,190.98.128.198
378,Milton,Brandoni,mbrandoniah@tiny.cc,Male,197.235.83.102
379,Kinny,Burn,kburnai@linkedin.com,Male,207.244.34.167
380,Silas,Messager,smessageraj@simplemachines.org,Male,56.231.231.3
381,Vincenz,Grundwater,vgrundwaterak@pagesperso-orange.fr,Male,143.115.105.200
382,Nicol,Hinkes,nhinkesal@ebay.co.uk,Female,64.145.22.190
383,Dacey,Chasmor,dchasmoram@house.gov,Polygender,127.57.196.233
384,Edwin,Delves,edelvesan@soundcloud.com,Male,4.110.128.236
385,Hollyanne,Gillingham,hgillinghamao@fastcompany.com,Female,112.80.209.184
386,Georgina,Haitlie,ghaitlieap@springer.com,Female,13.124.101.217
387,Candice,Biernat,cbiernataq@domainmarket.com,Female,119.164.167.159
388,Olimpia,Simms,osimmsar@weather.com,Female,13.23.189.241
389,Edik,Backe,ebackeas@mail.ru,Male,41.137.159.59
390,Daffie,Le Friec,dlefriecat@live.com,Female,210.132.217.36
391,Crystal,McCunn,cmccunnau@slideshare.net,Female,161.34.97.177
392,Christopher,Gertray,cgertrayav@adobe.com,Male,114.192.210.251
393,Dar,Clayworth,dclayworthaw@wisc.edu,Male,174.111.32.210
394,Brant,Markus,bmarkusax@newyorker.com,Male,22.191.175.72
395,Bernarr,Kitlee,bkitleeay@mashable.com,Male,175.157.0.31
396,Winn,Bernath,wbernathaz@ask.com,Male,112.167.0.45
397,Augustin,Whitcombe,awhitcombeb0@youku.com,Male,249.169.59.181
398,Bondie,Matczak,bmatczakb1@intel.com,Male,130.161.137.181
399,Hervey,McMurthy,hmcmurthyb2@youtu.be,Male,93.135.161.141
400,Yetty,McTague,ymctagueb3@seesaa.net,Female,223.183.192.211
401,Talbot,Sherwell,tsherwellb4@dell.com,Male,84.117.80.92
402,Belia,Elsy,belsyb5@miitbeian.gov.cn,Female,237.97.33.145
403,Cale,Frogley,cfrogleyb6@illinois.edu,Male,54.206.204.44
404,Basile,Feak,bfeakb7@hhs.gov,Male,121.38.213.160
405,Willy,Hallut,whallutb8@livejournal.com,Female,144.222.196.158
406,Rriocard,Josovitz,rjosovitzb9@e-recht24.de,Male,0.236.215.139
407,Zebadiah,Pellew,zpellewba@blog.com,Male,194.154.129.206
408,Myrwyn,Antunez,mantunezbb@xing.com,Male,89.196.22.242
409,Dinnie,Ubach,dubachbc@utexas.edu,Female,9.134.168.198
410,Prentiss,Jacobovitz,pjacobovitzbd@tripadvisor.com,Male,197.184.211.120
411,Max,Etteridge,metteridgebe@cpanel.net,Female,124.31.221.236
412,Ogdon,Whelan,owhelanbf@sourceforge.net,Male,250.76.108.5
413,Shena,Mayne,smaynebg@1688.com,Female,139.243.188.64
414,Manfred,Mitchinson,mmitchinsonbh@who.int,Male,209.101.190.98
415,Todd,Hanbury-Brown,thanburybrownbi@skype.com,Male,229.129.0.28
416,Cornelius,Burstowe,cburstowebj@flavors.me,Male,159.16.81.14
417,Birch,Pinnocke,bpinnockebk@mapquest.com,Male,254.125.192.208
418,Denni,Gravie,dgraviebl@theglobeandmail.com,Genderqueer,90.100.115.123
419,Margit,Goodliffe,mgoodliffebm@intel.com,Female,71.25.192.171
420,Anjanette,Sharram,asharrambn@buzzfeed.com,Female,160.113.169.229
421,Eachelle,Danelet,edaneletbo@amazonaws.com,Female,43.149.71.25
422,Emlyn,Gegg,egeggbp@goodreads.com,Male,81.63.67.79
423,Sharleen,Ellif,sellifbq@imageshack.us,Female,145.218.243.23
424,Bennie,Farman,bfarmanbr@craigslist.org,Male,99.230.204.230
425,Averell,Tytcomb,atytcombbs@artisteer.com,Male,208.247.119.42
426,Sumner,Zaczek,szaczekbt@simplemachines.org,Male,27.13.68.229
427,Roobbie,Carvill,rcarvillbu@imgur.com,Female,172.125.153.145
428,Edyth,Gobolos,egobolosbv@nationalgeographic.com,Female,173.205.126.106
429,Adrea,Sweetland,asweetlandbw@pcworld.com,Female,103.211.96.189
430,Curtis,Winsiowiecki,cwinsiowieckibx@macromedia.com,Male,105.152.190.151
431,Simonette,Kehoe,skehoeby@taobao.com,Polygender,131.240.249.29
432,Pansy,Lavender,plavenderbz@storify.com,Female,15.47.112.254
433,Melvin,Cooke,mcookec0@dropbox.com,Male,167.136.47.150
434,Bill,Moulding,bmouldingc1@nationalgeographic.com,Male,113.178.157.87
435,Katinka,Satyford,ksatyfordc2@wikimedia.org,Female,149.209.129.80
436,Laurella,Walczynski,lwalczynskic3@opensource.org,Female,139.19.155.241
437,Von,Flaws,vflawsc4@springer.com,Male,34.235.205.161
438,Mitzi,Townend,mtownendc5@photobucket.com,Female,102.79.117.192
439,Teirtza,Drought,tdroughtc6@ameblo.jp,Female,85.15.92.149
440,Gloriana,Gunby,ggunbyc7@pbs.org,Female,27.172.44.130
441,Rosalynd,Tuffey,rtuffeyc8@ask.com,Female,212.50.132.126
442,Eda,Berceros,ebercerosc9@hhs.gov,Female,147.41.210.183
443,Vinson,Kollatsch,vkollatschca@bandcamp.com,Male,69.16.238.18
444,Matelda,Durtnel,mdurtnelcb@blogspot.com,Agender,202.22.207.150
445,Sandy,Guidetti,sguidetticc@amazon.co.uk,Male,35.221.188.204
446,Anastasie,Symcoxe,asymcoxecd@accuweather.com,Female,167.81.171.241
447,Caleb,Mazzeo,cmazzeoce@hexun.com,Non-binary,161.6.21.2
448,Bellanca,Massen,bmassencf@deviantart.com,Female,154.63.199.213
449,Timotheus,Defont,tdefontcg@skyrock.com,Male,97.92.22.106
450,Elbert,Storks,estorksch@constantcontact.com,Male,203.53.22.123
451,Sarina,Abberley,sabberleyci@kickstarter.com,Female,104.8.210.203
452,Lowe,Davoren,ldavorencj@hostgator.com,Male,186.5.174.15
453,Odey,Derisley,oderisleyck@mtv.com,Male,15.111.54.189
454,Nessa,Iredell,niredellcl@mysql.com,Female,119.170.13.88
455,Elisabetta,Formigli,eformiglicm@foxnews.com,Female,179.204.126.112
456,Aloysia,Dwire,adwirecn@hp.com,Female,61.127.56.60
457,Glen,Barbour,gbarbourco@google.nl,Male,206.185.196.75
458,Buiron,Chatelet,bchateletcp@salon.com,Male,83.160.235.33
459,Raynard,Culligan,rculligancq@bloomberg.com,Male,138.51.38.196
460,Ramsey,Wassung,rwassungcr@ocn.ne.jp,Male,96.90.50.66
461,Falito,Tebbutt,ftebbuttcs@huffingtonpost.com,Male,61.85.150.141
462,Sim,Kilfeder,skilfederct@deviantart.com,Male,170.121.48.113
463,Lacey,Luard,lluardcu@php.net,Female,28.92.142.68
464,Ingra,Mc Corley,imccorleycv@squidoo.com,Male,69.45.29.54
465,Othilia,Leimster,oleimstercw@usa.gov,Female,94.143.86.73
466,Libby,Manlow,lmanlowcx@booking.com,Polygender,163.198.242.153
467,Franky,Klagge,fklaggecy@accuweather.com,Genderqueer,224.237.249.104
468,Shelley,Farrah,sfarrahcz@digg.com,Male,164.168.216.150
469,Gladi,Hopfner,ghopfnerd0@usnews.com,Female,143.131.56.199
470,Marcello,Coupman,mcoupmand1@cyberchimps.com,Male,37.96.60.224
471,Rozanna,Dmitr,rdmitrd2@japanpost.jp,Female,178.227.63.237
472,Sascha,Larrosa,slarrosad3@nsw.gov.au,Male,61.139.108.11
473,Paolina,McGrey,pmcgreyd4@liveinternet.ru,Female,132.55.98.199
474,Lu,Asprey,laspreyd5@posterous.com,Female,240.45.52.146
475,Analiese,Nesey,aneseyd6@cnet.com,Female,82.182.16.99
476,Eunice,Hamlyn,ehamlynd7@businesswire.com,Female,61.65.249.150
477,Delcina,Cheesman,dcheesmand8@buzzfeed.com,Female,202.134.133.120
478,Garald,MacAscaidh,gmacascaidhd9@microsoft.com,Male,17.88.173.134
479,Cy,O'Cannovane,cocannovaneda@dion.ne.jp,Male,218.193.182.232
480,Hamish,Tripet,htripetdb@bizjournals.com,Male,187.122.245.107
481,Jo,Kielt,jkieltdc@purevolume.com,Female,227.12.156.81
482,Berke,Margrem,bmargremdd@edublogs.org,Male,102.91.88.93
483,Bastian,Oselton,boseltonde@harvard.edu,Male,120.217.184.117
484,Ede,Loudwell,eloudwelldf@patch.com,Female,109.239.7.247
485,Tammy,Bracco,tbraccodg@cisco.com,Female,114.37.227.114
486,Amandie,Klampt,aklamptdh@sourceforge.net,Female,5.43.173.200
487,Sosanna,Dimic,sdimicdi@engadget.com,Female,167.39.54.209
488,Danny,Rycraft,drycraftdj@cloudflare.com,Agender,90.150.191.128
489,Vale,Semiras,vsemirasdk@youku.com,Male,111.167.177.187
490,Reamonn,Jager,rjagerdl@symantec.com,Male,86.74.153.157
491,Ginny,Stonman,gstonmandm@stanford.edu,Female,153.222.11.51
492,Loren,Schettini,lschettinidn@accuweather.com,Female,22.216.174.143
493,Carson,Hadye,chadyedo@tiny.cc,Male,161.65.185.90
494,Marena,Mayberry,mmayberrydp@macromedia.com,Female,51.199.180.218
495,Doyle,Schermick,dschermickdq@nsw.gov.au,Male,41.241.15.44
496,Gerhardt,Wharfe,gwharfedr@tumblr.com,Male,233.167.196.46
497,Connor,Nasi,cnasids@engadget.com,Male,23.181.145.84
498,Dante,Tindall,dtindalldt@cloudflare.com,Male,81.230.4.171
499,Alfreda,Darnbrook,adarnbrookdu@nbcnews.com,Female,26.50.254.211
500,Agna,Deluze,adeluzedv@si.edu,Female,185.150.117.125
501,Erik,Reihm,ereihmdw@123-reg.co.uk,Male,208.236.3.223
502,Alysa,Kleinert,akleinertdx@blogtalkradio.com,Female,171.186.24.189
503,Jaimie,Classen,jclassendy@mashable.com,Female,162.109.64.80
504,Umberto,Kures,ukuresdz@google.fr,Male,171.222.198.114
505,Adele,Attwooll,aattwoolle0@friendfeed.com,Female,116.96.176.35
506,Aldwin,Nelmes,anelmese1@squidoo.com,Male,162.64.175.194
507,Miguel,Barkly,mbarklye2@jalbum.net,Male,147.81.53.142
508,Maynord,Wyse,mwysee3@about.com,Male,158.54.89.36
509,Hersch,Saban,hsabane4@unblog.fr,Male,164.239.233.69
510,Gris,Rose,grosee5@cnet.com,Male,159.248.153.130
511,Murry,Bunclark,mbunclarke6@google.fr,Male,218.250.193.144
512,Jena,Schohier,jschohiere7@discuz.net,Female,95.2.60.94
513,Stephen,Ilyas,silyase8@nasa.gov,Male,125.77.228.159
514,Stacey,Clifft,scliffte9@example.com,Female,226.237.68.237
515,Yardley,Hartfleet,yhartfleetea@sciencedaily.com,Male,208.145.162.2
516,Spencer,Tamplin,stamplineb@feedburner.com,Male,11.148.0.89
517,Caldwell,Champney,cchampneyec@businessinsider.com,Male,253.248.135.28
518,Gladys,Fullstone,gfullstoneed@independent.co.uk,Female,142.177.54.144
519,Ram,Jean,rjeanee@booking.com,Male,204.250.66.36
520,Johannah,MacCallester,jmaccallesteref@nytimes.com,Female,147.21.228.172
521,Myer,Gynn,mgynneg@umn.edu,Male,83.60.191.64
522,Jerrold,Chaman,jchamaneh@berkeley.edu,Male,41.121.94.33
523,Constantina,Cashmore,ccashmoreei@ustream.tv,Female,95.163.169.210
524,Dallon,Zohrer,dzohrerej@constantcontact.com,Male,61.215.13.50
525,Paten,Millyard,pmillyardek@diigo.com,Male,180.130.181.108
526,Cash,Errichelli,cerrichelliel@mac.com,Male,174.137.226.141
527,Demott,Lutsch,dlutschem@noaa.gov,Bigender,14.174.141.160
528,Naoma,Kindall,nkindallen@nymag.com,Female,157.214.213.243
529,Bettye,Gosnay,bgosnayeo@si.edu,Female,237.194.213.141
530,Florina,Siflet,fsifletep@nyu.edu,Genderqueer,174.32.80.167
531,Melisse,Grogono,mgrogonoeq@nymag.com,Female,38.124.57.141
532,Adorne,Asling,aaslinger@sciencedaily.com,Female,68.137.110.145
533,Ilysa,Pinnock,ipinnockes@house.gov,Female,173.81.39.177
534,Donnell,Fawcitt,dfawcittet@digg.com,Male,63.31.0.31
535,Rhea,Cloute,rclouteeu@woothemes.com,Female,56.77.232.21
536,Garek,D'Alessio,gdalessioev@live.com,Male,153.162.86.190
537,Orazio,Maffini,omaffiniew@scribd.com,Agender,72.29.212.147
538,Anica,Ferfulle,aferfulleex@salon.com,Female,156.182.146.134
539,Saundra,Saylor,ssaylorey@spiegel.de,Male,255.80.48.219
540,Rutter,Speight,rspeightez@indiegogo.com,Male,224.81.139.213
541,Maiga,Beynke,mbeynkef0@goo.gl,Female,169.238.5.21
542,Karly,Cantopher,kcantopherf1@google.com.br,Female,107.14.26.193
543,Joell,Hirschmann,jhirschmannf2@gov.uk,Female,3.119.133.76
544,Prudence,Blodgett,pblodgettf3@springer.com,Female,219.40.166.72
545,Lesli,Klosges,lklosgesf4@ehow.com,Female,81.228.31.188
546,Octavia,Quimby,oquimbyf5@over-blog.com,Female,70.98.176.17
547,Ronalda,Iacovelli,riacovellif6@cnn.com,Female,56.123.165.176
548,Helene,Imlen,himlenf7@symantec.com,Female,12.2.11.225
549,Kacy,Russell,krussellf8@amazon.de,Female,37.124.196.201
550,Liane,Kersaw,lkersawf9@google.com,Bigender,115.225.124.227
551,Grata,Pasque,gpasquefa@google.cn,Female,28.186.205.90
552,Welch,Kimble,wkimblefb@discuz.net,Male,225.6.46.124
553,Zacharie,Parcall,zparcallfc@free.fr,Male,93.5.178.90
554,Bobbye,Liddon,bliddonfd@salon.com,Genderfluid,142.34.24.39
555,Cary,Philippart,cphilippartfe@nhs.uk,Agender,108.219.58.127
556,Miguel,Jaan,mjaanff@abc.net.au,Male,55.243.251.68
557,Louise,Collingridge,lcollingridgefg@upenn.edu,Female,45.114.212.19
558,Bret,Kuscha,bkuschafh@addtoany.com,Male,135.221.199.156
559,Antoni,Raddan,araddanfi@ft.com,Male,189.62.60.9
560,Martica,Abrahamoff,mabrahamofffj@marriott.com,Non-binary,193.171.232.63
561,Georgetta,Trunchion,gtrunchionfk@nature.com,Female,39.227.163.231
562,Nelli,Boakes,nboakesfl@exblog.jp,Female,161.8.58.223
563,Garvy,Dankov,gdankovfm@moonfruit.com,Male,206.21.156.80
564,Zerk,Barca,zbarcafn@imgur.com,Male,142.92.254.91
565,Titus,Piller,tpillerfo@chicagotribune.com,Male,10.236.55.133
566,Holt,Bruckental,hbruckentalfp@last.fm,Male,243.217.12.247
567,Carolynn,Ferrillo,cferrillofq@princeton.edu,Female,21.46.8.75
568,Clarance,Hassall,chassallfr@sciencedirect.com,Male,233.221.138.247
569,Elisabetta,Bourhill,ebourhillfs@jiathis.com,Genderqueer,142.87.208.41
570,Cindie,Jamot,cjamotft@hubpages.com,Female,228.31.98.17
571,Ruthy,Chisman,rchismanfu@mapquest.com,Female,92.240.176.31
572,Joelle,Hemmingway,jhemmingwayfv@ustream.tv,Agender,84.219.115.64
573,Sande,Purrier,spurrierfw@bloglovin.com,Female,22.25.96.30
574,Robinson,Pollington,rpollingtonfx@google.pl,Male,60.38.55.63
575,Karoly,Fulloway,kfullowayfy@hatena.ne.jp,Male,51.123.12.49
576,Brandais,Drillingcourt,bdrillingcourtfz@cbslocal.com,Female,128.13.146.210
577,Lu,Marmion,lmarmiong0@imgur.com,Female,81.186.180.85
578,Dean,Racine,dracineg1@youku.com,Male,158.218.218.64
579,Aloise,Branigan,abranigang2@edublogs.org,Female,67.35.23.248
580,Matthieu,Artinstall,martinstallg3@sitemeter.com,Male,43.247.93.126
581,Roxane,Marzelli,rmarzellig4@jiathis.com,Female,102.193.76.169
582,Alfreda,Eason,aeasong5@about.com,Female,12.140.176.59
583,Son,Gouldthorpe,sgouldthorpeg6@mayoclinic.com,Male,205.43.48.102
584,Garrek,Bruin,gbruing7@tuttocitta.it,Male,187.215.112.223
585,Georgetta,Hague,ghagueg8@utexas.edu,Female,209.46.170.77
586,Tonye,Titcombe,ttitcombeg9@oakley.com,Female,182.154.111.156
587,Eden,Simnell,esimnellga@feedburner.com,Female,67.232.201.216
588,Clarance,Rothman,crothmangb@sogou.com,Male,46.65.245.36
589,Gianina,Catterick,gcatterickgc@clickbank.net,Female,95.40.132.29
590,Karita,Somerled,ksomerledgd@jiathis.com,Female,104.237.203.29
591,Aube,Whorlow,awhorlowge@reference.com,Male,205.14.36.104
592,Sauveur,Tear,steargf@amazon.com,Male,150.203.231.213
593,Diane-marie,Batthew,dbatthewgg@mit.edu,Female,199.18.211.97
594,Kenneth,Justis,kjustisgh@scribd.com,Male,223.217.33.14
595,Tasia,Vasler,tvaslergi@bing.com,Female,215.87.85.245
596,Marika,Thirlwell,mthirlwellgj@comcast.net,Female,31.43.24.81
597,Felike,Oxbrough,foxbroughgk@fema.gov,Male,165.192.91.122
598,Britteny,Klugel,bklugelgl@examiner.com,Genderfluid,221.181.177.105
599,Shantee,Greenier,sgreeniergm@census.gov,Female,47.195.155.52
600,Ricky,Deddum,rdeddumgn@bloglines.com,Male,22.147.177.192
601,Gwenore,Carlucci,gcarluccigo@360.cn,Female,244.249.56.138
602,Shanta,Podmore,spodmoregp@va.gov,Female,88.71.52.5
603,Marty,Huot,mhuotgq@usnews.com,Non-binary,191.79.38.247
604,Dannye,Nance,dnancegr@geocities.com,Female,188.255.158.146
605,Laverne,MacPike,lmacpikegs@mtv.com,Female,196.9.93.140
606,Towny,Mullan,tmullangt@icio.us,Male,215.175.188.221
607,Arden,Kirman,akirmangu@weather.com,Bigender,23.191.194.78
608,Celestine,Brockie,cbrockiegv@squidoo.com,Female,245.178.226.220
609,Tomi,Burndred,tburndredgw@scientificamerican.com,Female,153.3.232.248
610,Loutitia,Greedier,lgreediergx@timesonline.co.uk,Female,14.98.63.223
611,Isabeau,Giffen,igiffengy@purevolume.com,Non-binary,82.9.75.113
612,Binny,Matanin,bmataningz@nyu.edu,Female,69.206.92.252
613,Gabriell,Domico,gdomicoh0@nhs.uk,Female,196.250.232.249
614,Konstantine,Boeck,kboeckh1@deliciousdays.com,Male,214.118.248.171
615,Karoly,Fearick,kfearickh2@guardian.co.uk,Female,71.74.142.124
616,Chadwick,McInility,cmcinilityh3@mozilla.org,Male,168.52.171.230
617,Dorian,Harvison,dharvisonh4@columbia.edu,Male,130.170.104.213
618,Dalila,Gallie,dgallieh5@bandcamp.com,Female,30.163.165.163
619,Winn,Dight,wdighth6@ezinearticles.com,Male,48.218.166.50
620,Izzy,Cullen,icullenh7@imageshack.us,Male,142.125.112.215
621,Marget,Nardoni,mnardonih8@networksolutions.com,Female,90.126.213.172
622,Collen,Rolingson,crolingsonh9@ycombinator.com,Female,248.106.154.63
623,Caralie,Higgoe,chiggoeha@dion.ne.jp,Female,116.124.240.239
624,Ellissa,Gaitone,egaitonehb@prweb.com,Female,98.38.180.27
625,Melvin,Warwick,mwarwickhc@boston.com,Male,89.234.116.91
626,Thomasina,Bedbrough,tbedbroughhd@elpais.com,Female,235.219.224.97
627,Normand,Lyle,nlylehe@google.it,Male,234.247.174.206
628,Antony,Haste,ahastehf@technorati.com,Male,142.137.214.142
629,Editha,Carolan,ecarolanhg@rediff.com,Female,41.7.61.99
630,Cordy,Munroe,cmunroehh@hostgator.com,Polygender,238.99.251.179
631,Dorita,Tilmouth,dtilmouthhi@printfriendly.com,Female,52.179.142.252
632,Tilly,Fladgate,tfladgatehj@skyrock.com,Female,228.245.191.19
633,Ernie,Strode,estrodehk@shareasale.com,Male,189.191.230.238
634,Rutter,Tredgold,rtredgoldhl@spotify.com,Male,105.173.237.85
635,Derrick,Collinge,dcollingehm@ihg.com,Male,216.201.107.81
636,Ancell,Fenning,afenninghn@howstuffworks.com,Male,157.238.112.159
637,Jeremy,Sturdy,jsturdyho@pagesperso-orange.fr,Male,242.118.15.42
638,Josephina,Larsen,jlarsenhp@census.gov,Female,104.17.124.151
639,Erick,Yuryshev,eyuryshevhq@comsenz.com,Male,151.202.30.31
640,Merrill,Marrion,mmarrionhr@devhub.com,Male,137.175.211.169
641,Ogden,Panniers,opanniershs@china.com.cn,Male,223.112.23.170
642,Earle,Folshom,efolshomht@rakuten.co.jp,Male,106.104.116.61
643,Ky,Swann,kswannhu@cbc.ca,Bigender,171.115.33.227
644,Margareta,Goldbourn,mgoldbournhv@wp.com,Female,135.131.124.123
645,Dina,Islep,dislephw@biblegateway.com,Female,75.70.182.201
646,Verile,Dawdary,vdawdaryhx@is.gd,Female,212.226.241.160
647,Doro,Damiata,ddamiatahy@friendfeed.com,Female,211.105.85.138
648,Salvidor,Greeding,sgreedinghz@miibeian.gov.cn,Genderfluid,14.36.130.56
649,Kaitlin,Eadington,keadingtoni0@wikispaces.com,Genderfluid,14.93.235.85
650,Petey,Merricks,pmerricksi1@ox.ac.uk,Male,233.207.170.130
651,Cora,Lowes,clowesi2@home.pl,Female,127.54.148.94
652,Windy,Dobson,wdobsoni3@umich.edu,Female,122.216.206.62
653,Beatrice,Duckfield,bduckfieldi4@hc360.com,Genderqueer,33.94.0.45
654,Morrie,Damper,mdamperi5@psu.edu,Male,212.13.77.90
655,Cary,Redwin,credwini6@canalblog.com,Male,11.155.74.243
656,Sunny,Rooms,sroomsi7@jimdo.com,Male,247.175.158.25
657,Berrie,Dimeloe,bdimeloei8@house.gov,Female,159.198.90.130
658,Clemens,Armsden,carmsdeni9@gnu.org,Male,73.249.242.2
659,Athene,Simoens,asimoensia@noaa.gov,Female,86.193.219.219
660,Spencer,Larrie,slarrieib@dailymail.co.uk,Male,239.245.167.134
661,Sigrid,Janowski,sjanowskiic@oracle.com,Female,91.142.129.6
662,Rodger,Penas,rpenasid@google.ru,Male,72.119.66.102
663,Galven,McGilben,gmcgilbenie@ft.com,Male,70.253.218.157
664,Felita,Astie,fastieif@twitter.com,Female,51.216.173.134
665,Pattin,Lymbourne,plymbourneig@yelp.com,Male,242.44.248.115
666,Cyndi,Apple,cappleih@utexas.edu,Female,145.165.97.238
667,Charissa,Twomey,ctwomeyii@seattletimes.com,Female,104.195.174.95
668,Lonna,McFater,lmcfaterij@squidoo.com,Female,152.150.233.43
669,Kare,Corradetti,kcorradettiik@woothemes.com,Female,220.182.164.116
670,Harli,Trolley,htrolleyil@google.fr,Female,18.75.175.179
671,Antonie,Lakes,alakesim@fc2.com,Female,117.40.144.176
672,Abey,Oliffe,aoliffein@state.gov,Male,64.171.93.72
673,Langsdon,Olliver,lolliverio@unicef.org,Male,67.99.46.232
674,Sylvester,Budge,sbudgeip@51.la,Male,72.86.129.41
675,Paloma,Bever,pbeveriq@google.com.au,Female,120.110.80.40
676,Brad,Standley,bstandleyir@microsoft.com,Male,108.99.84.229
677,Alina,Phythian,aphythianis@craigslist.org,Non-binary,62.121.22.220
678,Fowler,Cords,fcordsit@zimbio.com,Male,192.178.27.10
679,Allianora,Buxcy,abuxcyiu@4shared.com,Female,111.239.177.239
680,Javier,Dallinder,jdallinderiv@dedecms.com,Male,185.34.247.210
681,Chas,Northill,cnorthilliw@geocities.jp,Male,19.115.47.135
682,Kali,Dyers,kdyersix@google.com.br,Female,188.52.83.131
683,Berkly,Kirtley,bkirtleyiy@amazon.co.jp,Male,123.253.185.94
684,Royall,Childe,rchildeiz@dagondesign.com,Male,185.197.5.153
685,Karel,Pariso,kparisoj0@reddit.com,Female,172.113.151.227
686,Wright,Shortin,wshortinj1@bloglovin.com,Male,33.146.122.25
687,Dorothee,Byrch,dbyrchj2@noaa.gov,Female,101.29.251.57
688,Giffer,Linay,glinayj3@gov.uk,Male,21.62.233.248
689,Isaiah,Sprowle,isprowlej4@ibm.com,Male,121.12.59.62
690,Vickie,Di Franceschi,vdifranceschij5@yelp.com,Female,241.33.3.132
691,Isador,Frid,ifridj6@intel.com,Male,95.124.110.190
692,Geraldine,Ort,gortj7@opera.com,Polygender,149.132.142.138
693,Sallee,Durnford,sdurnfordj8@php.net,Agender,196.46.104.162
694,Jeni,Cucuzza,jcucuzzaj9@comsenz.com,Female,132.200.103.100
695,Feodor,Shoute,fshouteja@smh.com.au,Male,166.230.131.174
696,Isabeau,Booley,ibooleyjb@state.tx.us,Female,74.169.229.197
697,Stoddard,Stocks,sstocksjc@techcrunch.com,Female,148.142.121.156
698,Patrizius,Wehner,pwehnerjd@tripod.com,Male,42.70.106.83
699,Conn,Dyerson,cdyersonje@wikipedia.org,Male,2.242.3.106
700,Harlie,Jillis,hjillisjf@e-recht24.de,Female,88.49.225.171
701,Tobe,Ripley,tripleyjg@youtu.be,Male,8.126.222.222
702,Anthe,Gardiner,agardinerjh@adobe.com,Female,62.209.7.56
703,Ann,Witard,awitardji@loc.gov,Female,90.180.10.159
704,Violante,Castro,vcastrojj@intel.com,Female,189.146.208.1
705,Mortie,Reiner,mreinerjk@t.co,Male,87.51.159.200
706,Chan,D'Antuoni,cdantuonijl@linkedin.com,Male,117.144.186.129
707,Diego,Pesic,dpesicjm@quantcast.com,Male,120.39.86.190
708,Gratia,Mewrcik,gmewrcikjn@pbs.org,Female,209.73.176.76
709,Mella,Churcher,mchurcherjo@shutterfly.com,Female,205.29.203.187
710,Mikaela,Alenikov,malenikovjp@time.com,Female,235.150.85.17
711,Silvio,Syversen,ssyversenjq@zimbio.com,Male,55.143.244.231
712,Towney,Pagitt,tpagittjr@google.es,Male,92.60.12.194
713,Pryce,Reay,preayjs@51.la,Male,213.22.141.212
714,Marlow,Woollcott,mwoollcottjt@sbwire.com,Male,191.194.234.147
715,Rusty,Hathwood,rhathwoodju@odnoklassniki.ru,Male,236.228.212.122
716,Si,Colnet,scolnetjv@bloglovin.com,Agender,63.34.243.232
717,Slade,Grassot,sgrassotjw@washingtonpost.com,Male,177.176.72.145
718,Terry,Duding,tdudingjx@imdb.com,Female,83.33.161.14
719,Rafael,Cutchee,rcutcheejy@surveymonkey.com,Male,105.171.116.158
720,Jeannie,Plante,jplantejz@deliciousdays.com,Female,168.221.91.191
721,Munmro,Pettegree,mpettegreek0@yellowbook.com,Male,124.132.165.189
722,Barnard,De Souza,bdesouzak1@tripod.com,Male,101.67.173.27
723,Verney,Reveley,vreveleyk2@skyrock.com,Male,34.241.102.126
724,Ashbey,Dymoke,adymokek3@biglobe.ne.jp,Male,178.99.211.153
725,Lyell,Spiers,lspiersk4@discovery.com,Male,28.150.195.103
726,Lawrence,Smaile,lsmailek5@shinystat.com,Male,36.162.242.206
727,Katy,MacCaughey,kmaccaugheyk6@answers.com,Female,169.188.74.251
728,Jacinta,Stanyland,jstanylandk7@usatoday.com,Female,224.86.173.225
729,Leodora,Carlozzi,lcarlozzik8@go.com,Female,163.179.243.197
730,Kinnie,Filippov,kfilippovk9@google.ru,Male,210.224.174.183
731,Zane,Jaslem,zjaslemka@sourceforge.net,Bigender,4.24.47.115
732,Ricca,Tregear,rtregearkb@storify.com,Female,198.33.196.26
733,Kelley,Glancey,kglanceykc@histats.com,Agender,243.253.192.247
734,Lonna,Hucknall,lhucknallkd@ask.com,Female,59.71.132.222
735,Tera,Lidgett,tlidgettke@harvard.edu,Female,176.39.219.222
736,Darn,Axten,daxtenkf@cornell.edu,Male,107.255.139.250
737,Cross,Patis,cpatiskg@census.gov,Male,210.250.177.91
738,Gav,Heinecke,gheineckekh@sitemeter.com,Genderfluid,13.56.224.181
739,Wallas,Sogg,wsoggki@craigslist.org,Non-binary,144.207.64.218
740,Moselle,Nawton,mnawtonkj@ihg.com,Female,65.198.98.211
741,Bernarr,Fassam,bfassamkk@apple.com,Male,182.28.248.44
742,Thomasina,Geater,tgeaterkl@goo.gl,Female,132.92.57.29
743,Munmro,Butterfill,mbutterfillkm@slideshare.net,Male,237.230.130.218
744,Dael,Garry,dgarrykn@dedecms.com,Female,150.205.190.231
745,Caresa,Binch,cbinchko@comsenz.com,Female,139.43.160.131
746,Sheffield,Izzatt,sizzattkp@printfriendly.com,Bigender,63.75.201.49
747,Piggy,Milkeham,pmilkehamkq@mediafire.com,Male,230.229.231.161
748,Husein,Ferraraccio,hferraracciokr@cmu.edu,Male,154.207.81.34
749,Rod,Soro,rsoroks@cocolog-nifty.com,Male,217.49.191.17
750,Tabby,Emer,temerkt@ebay.com,Male,17.243.64.137
751,Edyth,Mathewes,emathewesku@sourceforge.net,Female,143.45.9.125
752,Roselia,Thurlbourne,rthurlbournekv@unc.edu,Female,183.46.213.107
753,Christiana,Biggar,cbiggarkw@irs.gov,Female,98.59.47.125
754,Bary,Nabarro,bnabarrokx@engadget.com,Male,177.63.143.252
755,Kristina,Keerl,kkeerlky@uol.com.br,Female,193.4.216.227
756,Gabriel,Frowd,gfrowdkz@mac.com,Male,246.233.223.240
757,Alia,Coolbear,acoolbearl0@senate.gov,Female,106.164.241.87
758,Garv,Tizard,gtizardl1@hud.gov,Non-binary,100.242.194.49
759,Olin,Roskeilly,oroskeillyl2@cbc.ca,Male,231.10.57.229
760,Richardo,Letham,rlethaml3@nsw.gov.au,Male,47.75.105.183
761,Sigfrid,Osinin,sosininl4@trellian.com,Male,66.125.103.124
762,Melisande,Butterworth,mbutterworthl5@google.es,Female,228.249.238.49
763,Archy,Drivers,adriversl6@vkontakte.ru,Male,166.150.153.23
764,Abram,FitzAlan,afitzalanl7@simplemachines.org,Genderqueer,23.212.43.136
765,Aurore,Attyeo,aattyeol8@t-online.de,Bigender,253.210.93.82
766,Glenda,Paolini,gpaolinil9@51.la,Female,64.92.176.50
767,Jilli,Rapport,jrapportla@vk.com,Female,31.94.212.152
768,Hannis,Bande,hbandelb@stanford.edu,Female,242.31.43.131
769,Zerk,Van Haeften,zvanhaeftenlc@ebay.co.uk,Male,221.196.222.251
770,Ivar,Hughes,ihughesld@berkeley.edu,Male,222.26.85.86
771,Rustin,Bratchell,rbratchellle@amazon.co.jp,Male,229.157.120.109
772,Theresa,Faich,tfaichlf@noaa.gov,Non-binary,79.193.36.231
773,Myrtice,Kleen,mkleenlg@blogspot.com,Female,209.125.23.220
774,Del,Redford,dredfordlh@microsoft.com,Female,134.16.179.163
775,Aggi,Redhole,aredholeli@mit.edu,Female,30.229.167.61
776,Cati,Alexsandrov,calexsandrovlj@google.ru,Female,189.12.89.166
777,Sinclare,Lewtey,slewteylk@privacy.gov.au,Male,18.99.6.200
778,Rheba,Warre,rwarrell@boston.com,Female,43.108.150.145
779,Jacqui,Byne,jbynelm@topsy.com,Female,140.75.33.226
780,Gabe,Prine,gprineln@yahoo.com,Male,73.67.88.120
781,Kimberlyn,Hinsch,khinschlo@japanpost.jp,Female,48.48.13.58
782,Irita,Daal,idaallp@exblog.jp,Female,151.183.182.19
783,Filippo,Lincey,flinceylq@usa.gov,Agender,87.74.112.61
784,Bettye,Tebald,btebaldlr@about.me,Female,193.121.170.239
785,Tedda,Ewell,tewellls@ning.com,Female,184.89.202.242
786,Harley,Edgars,hedgarslt@is.gd,Male,2.209.26.155
787,Langsdon,Grinvalds,lgrinvaldslu@hatena.ne.jp,Male,43.45.110.45
788,Taffy,Spriggs,tspriggslv@bravesites.com,Agender,19.62.184.174
789,Kessia,Sherel,ksherellw@phpbb.com,Female,82.70.77.181
790,Clari,Prin,cprinlx@dailymail.co.uk,Female,65.105.177.178
791,Gilburt,Klimko,gklimkoly@last.fm,Male,207.218.241.58
792,Justinn,Wallett,jwallettlz@bing.com,Non-binary,59.223.12.15
793,Robb,Chagg,rchaggm0@intel.com,Male,173.34.128.39
794,Ethelin,MacCarter,emaccarterm1@istockphoto.com,Female,74.44.108.97
795,Carlita,McLeish,cmcleishm2@tamu.edu,Female,196.92.83.82
796,Claude,Lennard,clennardm3@fotki.com,Female,163.53.246.4
797,Catrina,Kliemchen,ckliemchenm4@gravatar.com,Female,225.167.119.149
798,Vasili,Boc,vbocm5@nature.com,Male,193.151.15.47
799,Marji,Berget,mbergetm6@squarespace.com,Female,240.79.169.47
800,Robers,Mathews,rmathewsm7@yolasite.com,Bigender,219.152.76.107
801,Audy,George,ageorgem8@oracle.com,Female,183.205.53.112
802,Sidonia,Pluvier,spluvierm9@livejournal.com,Polygender,157.79.207.154
803,Alphonso,Abbado,aabbadoma@oaic.gov.au,Male,33.1.162.238
804,Wallis,Gostyke,wgostykemb@diigo.com,Male,9.126.99.124
805,Barthel,Dungay,bdungaymc@usnews.com,Male,37.5.26.110
806,Damiano,Dugdale,ddugdalemd@domainmarket.com,Male,179.33.176.51
807,Darbee,Doole,ddooleme@skyrock.com,Male,221.23.113.164
808,Bren,Whellans,bwhellansmf@washington.edu,Male,180.196.187.254
809,Shelton,Aers,saersmg@dyndns.org,Polygender,203.38.171.21
810,Trix,Kearns,tkearnsmh@ezinearticles.com,Female,150.110.166.27
811,Wayland,Van Vuuren,wvanvuurenmi@usda.gov,Male,172.162.16.92
812,Christa,Frosdick,cfrosdickmj@ted.com,Female,232.9.185.244
813,Mauricio,Lagden,mlagdenmk@abc.net.au,Male,84.68.12.1
814,Marcello,Augur,maugurml@disqus.com,Male,40.138.217.37
815,Adler,Blissett,ablissettmm@hugedomains.com,Male,26.18.220.184
816,Jecho,Patron,jpatronmn@phoca.cz,Male,68.194.231.97
817,Tonia,Sizeland,tsizelandmo@tiny.cc,Female,250.224.206.136
818,Ingra,Chanson,ichansonmp@a8.net,Male,43.225.224.124
819,Marti,Bruckental,mbruckentalmq@wikimedia.org,Female,135.159.112.125
820,Aurel,Beddon,abeddonmr@dagondesign.com,Female,136.137.197.195
821,Dasha,Gillean,dgilleanms@fema.gov,Female,25.61.225.143
822,Georgia,Creus,gcreusmt@google.ru,Female,25.12.114.241
823,Bartlett,Denne,bdennemu@hud.gov,Male,96.27.64.250
824,Bronson,McCrae,bmccraemv@dropbox.com,Male,221.204.129.251
825,Judah,Clift,jcliftmw@jugem.jp,Male,4.187.157.104
826,Frants,Huguenet,fhuguenetmx@buzzfeed.com,Male,110.11.102.51
827,Sax,Evered,severedmy@walmart.com,Polygender,187.97.7.99
828,Alf,Manvell,amanvellmz@yahoo.co.jp,Male,42.165.202.230
829,Steffen,Sellick,ssellickn0@reference.com,Male,57.10.64.17
830,Jaquelin,Prisley,jprisleyn1@theguardian.com,Female,29.57.154.70
831,Urbano,Louiset,ulouisetn2@tiny.cc,Male,182.93.253.147
832,Tammi,Matuszynski,tmatuszynskin3@webmd.com,Female,222.80.134.202
833,Pepi,Doggett,pdoggettn4@skype.com,Female,55.161.94.125
834,Linda,Alman,lalmann5@hud.gov,Agender,132.39.19.247
835,Loraine,Gittins,lgittinsn6@netvibes.com,Female,188.44.214.81
836,Georgy,Shuker,gshukern7@tripod.com,Male,186.251.244.163
837,Mireille,Skews,mskewsn8@mac.com,Polygender,241.33.27.232
838,Carlotta,Chartres,cchartresn9@facebook.com,Female,254.188.94.17
839,Debora,Hovard,dhovardna@npr.org,Female,175.164.66.102
840,Adoree,Willimot,awillimotnb@gov.uk,Female,111.220.174.195
841,Chicky,Weaving,cweavingnc@yandex.ru,Male,25.114.152.249
842,Herrick,Skarin,hskarinnd@mediafire.com,Male,63.168.170.235
843,Eirena,Newham,enewhamne@mediafire.com,Female,255.136.59.190
844,Bob,Donet,bdonetnf@blogger.com,Male,149.91.50.154
845,Ban,Hakey,bhakeyng@com.com,Male,79.180.130.103
846,Kameko,Bursnall,kbursnallnh@sun.com,Non-binary,91.249.59.157
847,Lockwood,Zannutti,lzannuttini@gnu.org,Male,194.94.20.243
848,Quill,MacLaverty,qmaclavertynj@samsung.com,Male,88.113.187.20
849,Erinna,Lumpkin,elumpkinnk@smugmug.com,Genderfluid,101.12.198.61
850,Pierce,Casterou,pcasterounl@feedburner.com,Male,21.108.167.16
851,Morna,Proudler,mproudlernm@themeforest.net,Female,71.252.239.108
852,Billy,O'Towey,botoweynn@e-recht24.de,Male,131.113.52.43
853,Margi,Memmory,mmemmoryno@google.co.jp,Female,88.112.99.39
854,Iolanthe,Velareal,ivelarealnp@posterous.com,Female,36.233.135.96
855,Becca,Winfield,bwinfieldnq@si.edu,Female,16.88.243.135
856,Jessamine,Biskup,jbiskupnr@unicef.org,Female,72.158.74.116
857,Burnaby,Joscelin,bjoscelinns@yellowpages.com,Male,37.113.130.226
858,Tanny,Edgeon,tedgeonnt@yolasite.com,Male,20.123.201.178
859,Marna,Seczyk,mseczyknu@usa.gov,Female,247.128.231.150
860,Pavlov,Weymouth,pweymouthnv@live.com,Male,132.124.120.242
861,Carlyle,Rochford,crochfordnw@princeton.edu,Male,33.243.169.161
862,Nate,Eaken,neakennx@ycombinator.com,Male,45.112.11.208
863,Cody,Antognozzii,cantognozziiny@123-reg.co.uk,Female,57.152.242.201
864,Brinn,Fleote,bfleotenz@ask.com,Female,222.114.236.87
865,Karlis,Morsey,kmorseyo0@netlog.com,Male,153.1.182.72
866,Steffie,Doumic,sdoumico1@myspace.com,Female,167.221.194.32
867,Raddie,Peotz,rpeotzo2@go.com,Male,53.248.182.23
868,Jarvis,McInally,jmcinallyo3@pcworld.com,Male,166.162.232.19
869,Issiah,Gregs,igregso4@addthis.com,Male,252.229.215.248
870,Irwin,Madeley,imadeleyo5@i2i.jp,Male,76.220.209.47
871,Madeline,Bury,mburyo6@a8.net,Genderqueer,125.196.37.134
872,Alejandro,Bewicke,abewickeo7@slashdot.org,Male,41.61.179.182
873,Norbert,Livett,nlivetto8@newyorker.com,Male,120.238.81.63
874,Linet,Flippini,lflippinio9@paypal.com,Female,216.141.37.169
875,Vilma,Duffitt,vduffittoa@surveymonkey.com,Female,170.153.255.104
876,Roby,Arrandale,rarrandaleob@java.com,Female,128.139.190.121
877,Harris,Burdytt,hburdyttoc@stumbleupon.com,Male,156.151.75.146
878,Bancroft,Gumb,bgumbod@usda.gov,Male,63.9.212.234
879,Dalli,Delmonti,ddelmontioe@hud.gov,Male,14.12.5.22
880,Giff,Blachford,gblachfordof@admin.ch,Male,164.70.179.7
881,Alika,Phripp,aphrippog@cbc.ca,Female,178.169.94.184
882,Farlie,Parmiter,fparmiteroh@shinystat.com,Male,44.22.166.236
883,Levin,Newall,lnewalloi@fema.gov,Male,167.178.152.50
884,Jason,Greatex,jgreatexoj@usgs.gov,Male,220.125.237.21
885,Parry,Kenninghan,pkenninghanok@illinois.edu,Male,214.64.214.205
886,Jeffrey,Maylin,jmaylinol@forbes.com,Male,111.239.220.200
887,Melisa,Bessett,mbessettom@auda.org.au,Female,216.3.48.174
888,Lilia,Ridger,lridgeron@nhs.uk,Female,70.232.128.16
889,Darcie,Agostini,dagostinioo@sbwire.com,Female,59.108.2.175
890,Stormi,Swales,sswalesop@un.org,Female,137.43.249.137
891,Rickie,de Tocqueville,rdetocquevilleoq@epa.gov,Male,42.89.230.94
892,Tyrus,Byk,tbykor@latimes.com,Male,28.209.93.41
893,Emyle,Dayment,edaymentos@clickbank.net,Female,4.243.235.20
894,Libbey,Kharchinski,lkharchinskiot@imdb.com,Genderfluid,226.193.185.103
895,Wendall,MacGillicuddy,wmacgillicuddyou@nhs.uk,Male,69.34.167.119
896,Ambrosi,Janicek,ajanicekov@is.gd,Male,31.231.162.109
897,Bernardina,Duce,bduceow@yahoo.co.jp,Female,51.102.120.190
898,Xavier,Leyzell,xleyzellox@nationalgeographic.com,Male,84.25.204.46
899,Miltie,Meharg,mmehargoy@psu.edu,Male,180.154.205.192
900,Parker,Blades,pbladesoz@virginia.edu,Male,159.27.45.96
901,Willard,Ovise,wovisep0@lycos.com,Male,107.163.181.251
902,Rory,Ferrieres,rferrieresp1@sohu.com,Female,22.173.249.233
903,Adda,Hemstead,ahemsteadp2@redcross.org,Female,144.74.239.59
904,Ilka,Brickhill,ibrickhillp3@alibaba.com,Female,234.234.180.181
905,Neall,Morton,nmortonp4@businessweek.com,Male,148.152.235.226
906,Nicolette,Downgate,ndowngatep5@digg.com,Female,72.188.87.184
907,Rosemary,Castagnasso,rcastagnassop6@cbslocal.com,Female,238.153.170.31
908,Glenn,Farnfield,gfarnfieldp7@cnbc.com,Female,221.175.15.100
909,Lorin,Jellman,ljellmanp8@unblog.fr,Male,15.252.148.253
910,Augustin,Lorenzetto,alorenzettop9@wufoo.com,Male,178.39.137.113
911,Maitilde,Burnand,mburnandpa@surveymonkey.com,Female,248.92.79.183
912,Ban,Pitchers,bpitcherspb@hexun.com,Male,208.213.55.115
913,Cassandra,Camelin,ccamelinpc@un.org,Female,245.225.171.8
914,Horatio,Saynor,hsaynorpd@dropbox.com,Male,142.199.177.81
915,Linoel,Bandiera,lbandierape@pagesperso-orange.fr,Male,204.213.203.42
916,Cori,Komorowski,ckomorowskipf@biglobe.ne.jp,Female,120.148.53.224
917,Jemima,Rosenbusch,jrosenbuschpg@usnews.com,Female,93.132.170.170
918,Missy,Cridge,mcridgeph@moonfruit.com,Female,53.198.176.82
919,Kimberley,Mc Mechan,kmcmechanpi@state.tx.us,Female,223.126.0.95
920,Delaney,Imorts,dimortspj@bing.com,Non-binary,88.212.114.0
921,Zitella,Kittoe,zkittoepk@unc.edu,Female,150.252.248.181
922,Jake,Dedam,jdedampl@technorati.com,Male,28.158.247.199
923,Harrison,Larmouth,hlarmouthpm@cpanel.net,Male,81.41.134.32
924,Wallace,Chilver,wchilverpn@webnode.com,Male,70.122.208.108
925,Anderea,Paulitschke,apaulitschkepo@com.com,Female,118.36.112.129
926,Hilario,Abilowitz,habilowitzpp@sitemeter.com,Male,70.121.3.188
927,Quentin,Myall,qmyallpq@chronoengine.com,Female,123.207.14.251
928,Daune,Rippingall,drippingallpr@usgs.gov,Female,135.228.213.63
929,Harmon,Byrth,hbyrthps@gmpg.org,Male,35.202.132.178
930,Kennie,Baack,kbaackpt@yale.edu,Male,200.39.201.108
931,Gates,Cordell,gcordellpu@twitter.com,Non-binary,95.14.83.100
932,Salvatore,Jukes,sjukespv@nasa.gov,Male,80.210.206.166
933,Helenelizabeth,Elgar,helgarpw@loc.gov,Female,101.158.22.80
934,Teodor,Gravener,tgravenerpx@dot.gov,Genderqueer,51.82.103.253
935,Jonas,Wreight,jwreightpy@businessinsider.com,Male,195.7.67.157
936,Denis,Stoll,dstollpz@unicef.org,Male,140.131.93.103
937,Dougie,Zannetti,dzannettiq0@furl.net,Male,118.191.58.97
938,Demetra,Fatkin,dfatkinq1@ox.ac.uk,Non-binary,196.156.127.75
939,Sabra,Spender,sspenderq2@opensource.org,Female,235.234.162.113
940,Doralynne,Tadd,dtaddq3@cornell.edu,Female,210.69.35.87
941,Ervin,Winchurch,ewinchurchq4@ox.ac.uk,Male,251.149.236.56
942,Briant,Gibben,bgibbenq5@unicef.org,Male,231.37.207.0
943,Cirstoforo,Sherbourne,csherbourneq6@weather.com,Male,139.157.154.24
944,Yehudit,Iohananof,yiohananofq7@china.com.cn,Male,14.11.113.30
945,Dukie,Lawrence,dlawrenceq8@cyberchimps.com,Male,119.165.56.81
946,Marcile,Limpkin,mlimpkinq9@hexun.com,Female,134.27.53.186
947,Niki,Semens,nsemensqa@stumbleupon.com,Female,126.63.179.109
948,Ignaz,Kimmitt,ikimmittqb@1und1.de,Male,171.203.101.206
949,Moise,Aggio,maggioqc@nature.com,Male,162.13.231.157
950,Charley,Abthorpe,cabthorpeqd@nature.com,Male,185.162.72.53
951,Annelise,Embery,aemberyqe@epa.gov,Female,36.52.173.165
952,Christoforo,Wetherby,cwetherbyqf@ask.com,Male,185.66.229.93
953,Chrisse,Collis,ccollisqg@friendfeed.com,Male,209.214.184.67
954,Ally,Sambell,asambellqh@buzzfeed.com,Polygender,202.112.152.151
955,Temp,Fydoe,tfydoeqi@latimes.com,Male,106.154.202.38
956,Joby,Phelipeaux,jphelipeauxqj@surveymonkey.com,Female,4.56.57.233
957,Fawne,Pherps,fpherpsqk@google.co.uk,Female,137.61.173.150
958,Nathalie,Zelner,nzelnerql@live.com,Female,11.153.11.157
959,Frasier,Martinelli,fmartinelliqm@unicef.org,Male,80.185.164.205
960,Ophelie,Bissell,obissellqn@live.com,Female,168.197.225.87
961,Cleavland,Ivell,civellqo@ihg.com,Male,110.37.155.111
962,Chanda,Moxley,cmoxleyqp@histats.com,Female,15.248.224.12
963,Timotheus,Issacson,tissacsonqq@google.cn,Male,190.70.249.57
964,Addi,Furniss,afurnissqr@marriott.com,Female,197.122.175.62
965,Cosmo,Hinstock,chinstockqs@php.net,Male,57.250.68.114
966,Ambrosio,Jupp,ajuppqt@virginia.edu,Male,22.231.2.222
967,Lewiss,Coil,lcoilqu@usnews.com,Male,132.3.36.130
968,Orion,Heard,oheardqv@weibo.com,Male,54.140.6.151
969,Cos,Dungee,cdungeeqw@lycos.com,Male,27.32.239.41
970,Somerset,Kennady,skennadyqx@amazon.de,Male,112.12.226.1
971,Fielding,Ponting,fpontingqy@ask.com,Genderqueer,163.164.153.10
972,Karrah,La Grange,klagrangeqz@jigsy.com,Agender,42.41.104.58
973,Abagail,Hawksby,ahawksbyr0@mediafire.com,Female,173.166.161.92
974,Neddy,Baum,nbaumr1@facebook.com,Male,161.202.193.165
975,Darya,Veeler,dveelerr2@dyndns.org,Female,21.86.251.219
976,Stephine,Abramovici,sabramovicir3@arizona.edu,Female,184.203.159.188
977,Rooney,Dalzell,rdalzellr4@ucoz.com,Male,36.186.194.171
978,Jeno,Mashal,jmashalr5@mit.edu,Male,238.247.136.214
979,Caron,Quarry,cquarryr6@hhs.gov,Female,175.98.27.237
980,Amery,Reignould,areignouldr7@unc.edu,Male,63.155.147.127
981,Goober,Farady,gfaradyr8@alibaba.com,Male,229.3.147.226
982,Fax,Lille,fliller9@google.es,Male,4.82.18.118
983,Dino,Ferreres,dferreresra@un.org,Male,104.2.13.126
984,Clem,Bastone,cbastonerb@hugedomains.com,Female,255.49.119.49
985,Meridel,Haglinton,mhaglintonrc@unesco.org,Female,109.113.64.221
986,Alisun,Pettican,apetticanrd@sina.com.cn,Female,84.93.252.49
987,Mercie,Jirus,mjirusre@aboutads.info,Female,254.133.147.203
988,Aleece,Fraschetti,afraschettirf@opera.com,Female,160.93.105.205
989,Daffi,Caulket,dcaulketrg@discuz.net,Female,84.251.48.245
990,Joshuah,Bunston,jbunstonrh@examiner.com,Genderqueer,224.60.217.159
991,Lynne,Vakhrushev,lvakhrushevri@hao123.com,Female,147.1.61.178
992,Chadwick,Staten,cstatenrj@upenn.edu,Male,9.122.59.78
993,Jannel,Borkett,jborkettrk@icio.us,Female,22.253.58.80
994,Dora,Inkster,dinksterrl@washington.edu,Female,50.87.129.79
995,Christie,Jeavons,cjeavonsrm@rediff.com,Female,122.33.213.225
996,Russ,Yarham,ryarhamrn@1und1.de,Male,254.41.57.218
997,Alister,Loch,alochro@fda.gov,Male,138.85.29.155
998,Minnaminnie,Rapier,mrapierrp@cornell.edu,Female,105.237.216.77
999,Lorry,Murrish,lmurrishrq@nydailynews.com,Male,101.14.119.143
1000,Valenka,Mival,vmivalrr@forbes.com,Genderqueer,200.235.233.86
