id,first_name,last_name,email,gender,ip_address
1,Anabella,MacDougal,amacdougal0@boston.com,Female,60.186.212.124
2,Ferrell,McBean,fmcbean1@topsy.com,Male,46.8.22.30
3,Ned,Feely,nfeely2@cam.ac.uk,Male,52.91.93.133
4,Godfree,Domican,gdomican3@ow.ly,Male,20.226.80.246
5,Evin,Doding,edoding4@blog.com,Male,70.98.207.16
6,Coleman,Screwton,cscrewton5@jigsy.com,Male,174.252.229.119
7,Malcolm,Scirman,mscirman6@4shared.com,Male,92.150.42.122
8,Anni,Vallow,avallow7@unesco.org,Female,173.22.20.94
9,Renaud,Phillip,rphillip8@jigsy.com,Male,134.206.102.225
10,Pepi,Sindall,psindall9@addthis.com,Female,186.112.91.36
11,Bambi,Blanden,bblandena@bbc.co.uk,Female,95.65.36.177
12,Nomi,Dybald,ndybaldb@sphinn.com,Female,163.28.185.102
13,Trenton,Wain,twainc@google.ca,Male,47.39.54.245
14,Alic,Saffon,asaffond@fda.gov,Genderqueer,50.11.254.35
15,Bjorn,Whyke,bwhykee@symantec.com,Male,103.193.58.230
16,Viki,Swepstone,vswepstonef@discuz.net,Female,39.159.233.29
17,Mose,Haston,mhastong@discuz.net,Male,215.78.159.71
18,Alwyn,Trevna,atrevnah@mac.com,Male,173.170.252.133
19,Miguela,Kerbler,mkerbleri@slashdot.org,Female,97.222.221.90
20,Kathryne,Buer,kbuerj@europa.eu,Female,51.229.244.25
21,Orelle,Speirs,ospeirsk@europa.eu,Female,98.36.13.166
22,Bertha,Romao,bromaol@canalblog.com,Female,107.227.70.111
23,Alfie,Wybern,awybernm@jiathis.com,Male,166.99.127.160
24,Mavra,Benedetti,mbenedettin@mapquest.com,Genderfluid,36.94.78.137
25,Cloris,Caig,ccaigo@illinois.edu,Female,183.96.188.232
26,Mycah,Jancso,mjancsop@time.com,Male,227.181.30.87
27,Randal,Whittaker,rwhittakerq@t.co,Male,8.190.141.186
28,Yevette,Richarz,yricharzr@craigslist.org,Genderqueer,157.8.53.83
29,Doloritas,Morriss,dmorrisss@domainmarket.com,Female,171.220.105.12
30,Israel,De Cruz,idecruzt@hao123.com,Male,101.43.186.169
31,Aurie,Scarsbrick,ascarsbricku@ibm.com,Female,221.178.172.147
32,Dix,Wollers,dwollersv@github.com,Female,61.149.202.10
33,Riordan,Bresner,rbresnerw@typepad.com,Non-binary,251.244.110.186
34,Gabi,Gonsalvez,ggonsalvezx@php.net,Male,135.16.165.142
35,Patrick,Novacek,pnovaceky@google.it,Male,108.136.106.22
36,Freeland,Simenon,fsimenonz@hp.com,Male,19.199.195.75
37,Dav,Storrock,dstorrock10@ted.com,Male,245.126.16.1
38,Danica,Sherlock,dsherlock11@telegraph.co.uk,Female,108.220.209.113
39,Gene,Smallshaw,gsmallshaw12@jugem.jp,Female,142.175.110.15
40,Guillermo,Salvadore,gsalvadore13@ow.ly,Male,158.94.21.144
41,Cornie,Delleschi,cdelleschi14@hc360.com,Bigender,198.188.186.137
42,Ashleigh,Powney,apowney15@blogger.com,Female,84.249.192.141
43,Julia,Tejero,jtejero16@nationalgeographic.com,Female,164.179.40.172
44,Shermy,Mitchell,smitchell17@timesonline.co.uk,Male,108.23.227.4
45,Kermie,MacLeese,kmacleese18@go.com,Male,246.7.169.90
46,Elsworth,Millson,emillson19@flickr.com,Male,76.70.182.134
47,Florie,Linning,flinning1a@mozilla.com,Female,52.205.236.161
48,Marylou,Simoens,msimoens1b@printfriendly.com,Female,9.212.235.138
49,Caro,Wicklen,cwicklen1c@telegraph.co.uk,Female,26.39.231.62
50,Trumaine,Simeoni,tsimeoni1d@tuttocitta.it,Male,218.134.190.204
51,Dorian,Blackborow,dblackborow1e@4shared.com,Male,22.82.199.227
52,Lance,Ottley,lottley1f@shop-pro.jp,Male,152.214.63.50
53,Levi,Lambricht,llambricht1g@wufoo.com,Male,88.230.247.160
54,Ora,Dake,odake1h@si.edu,Female,162.121.43.201
55,Finn,Bullar,fbullar1i@alibaba.com,Male,179.213.158.229
56,Murdoch,Holberry,mholberry1j@mail.ru,Male,45.132.71.41
57,Matthias,Stapford,mstapford1k@mail.ru,Male,216.142.213.143
58,Ibbie,Onions,ionions1l@goo.gl,Female,90.229.196.84
59,Ethelyn,Renshall,erenshall1m@twitter.com,Female,116.224.99.196
60,Cordi,Gillivrie,cgillivrie1n@mashable.com,Female,2.215.253.240
61,Alistair,Haggar,ahaggar1o@elpais.com,Male,33.17.1.71
62,Candie,Henmarsh,chenmarsh1p@1und1.de,Female,178.19.254.144
63,Mignonne,Daubney,mdaubney1q@sitemeter.com,Female,134.78.207.108
64,Lianna,Turner,lturner1r@omniture.com,Female,239.56.241.88
65,Herrick,Cordner,hcordner1s@bravesites.com,Male,4.16.219.150
66,Hana,De La Salle,hdelasalle1t@mozilla.org,Female,176.27.118.127
67,Richard,Winston,rwinston1u@hugedomains.com,Male,212.108.72.55
68,Michale,Ashbey,mashbey1v@comsenz.com,Male,141.6.98.102
69,Thekla,Van Eeden,tvaneeden1w@cnbc.com,Female,246.134.112.154
70,Fairleigh,Cristoforetti,fcristoforetti1x@ca.gov,Genderqueer,225.128.22.69
71,Ephrem,Pickrill,epickrill1y@msu.edu,Male,86.140.120.135
72,Avie,Conen,aconen1z@umich.edu,Female,105.140.188.238
73,Angelico,Phillcock,aphillcock20@unc.edu,Male,192.78.158.244
74,Ernest,Sarney,esarney21@webmd.com,Male,190.92.254.239
75,Lancelot,Gladdin,lgladdin22@google.de,Male,252.240.105.1
76,Tim,Eyton,teyton23@cbsnews.com,Genderqueer,200.59.224.58
77,Beauregard,Cusiter,bcusiter24@auda.org.au,Male,222.22.21.12
78,Pacorro,Luis,pluis25@cloudflare.com,Male,241.28.92.156
79,Rahel,Fitzsimons,rfitzsimons26@tinyurl.com,Female,68.205.16.47
80,Shurlocke,Pauwel,spauwel27@chronoengine.com,Male,191.200.7.252
81,Raffarty,Rainard,rrainard28@uiuc.edu,Male,25.178.18.62
82,Laurice,Garbott,lgarbott29@friendfeed.com,Female,163.60.100.17
83,Danya,Ruane,druane2a@marketwatch.com,Female,137.151.92.239
84,Osbourn,Wilkes,owilkes2b@joomla.org,Male,75.176.60.13
85,Northrop,Kesper,nkesper2c@altervista.org,Male,93.13.1.37
86,Anthe,Sopp,asopp2d@i2i.jp,Female,157.12.254.79
87,Tann,McGlade,tmcglade2e@google.cn,Male,11.18.54.70
88,Pamelina,Callum,pcallum2f@google.com,Female,97.14.194.197
89,Tobiah,Caughte,tcaughte2g@bloglines.com,Genderfluid,30.54.56.246
90,Micky,Bow,mbow2h@sphinn.com,Male,7.245.28.17
91,Gunilla,Greene,ggreene2i@freewebs.com,Female,245.76.46.86
92,Humfrey,Maunder,hmaunder2j@fastcompany.com,Male,138.206.143.235
93,Stu,Collett,scollett2k@dailymotion.com,Male,67.159.51.146
94,Natasha,Archibould,narchibould2l@ebay.com,Female,16.10.136.0
95,Ellissa,Philpots,ephilpots2m@istockphoto.com,Female,111.139.101.254
96,Miranda,Sleaford,msleaford2n@digg.com,Female,194.25.226.47
97,Obidiah,Dunnett,odunnett2o@tmall.com,Male,133.52.39.90
98,Terri,Kays,tkays2p@nymag.com,Male,141.136.48.236
99,Merline,Beckson,mbeckson2q@noaa.gov,Female,127.191.232.187
100,Carolin,Canelas,ccanelas2r@pbs.org,Female,157.26.130.118
101,Patton,Sheber,psheber2s@va.gov,Male,254.160.141.133
102,Francesca,Zecchinii,fzecchinii2t@lycos.com,Female,43.66.201.210
103,Burnard,Calcraft,bcalcraft2u@netvibes.com,Male,75.36.174.115
104,Wain,Sykes,wsykes2v@ocn.ne.jp,Male,210.169.153.80
105,Brittani,Kubas,bkubas2w@github.io,Female,31.48.55.228
106,Marchall,Heisler,mheisler2x@sphinn.com,Male,27.125.33.72
107,Taddeusz,Pocock,tpocock2y@chron.com,Male,210.151.166.121
108,Ingmar,Germon,igermon2z@who.int,Agender,154.172.85.108
109,Kissiah,Simonot,ksimonot30@mozilla.org,Female,76.232.16.242
110,Andria,Mawne,amawne31@usa.gov,Female,65.61.67.5
111,Yuri,Gallatly,ygallatly32@salon.com,Genderqueer,16.185.40.155
112,Martica,Briffett,mbriffett33@soup.io,Female,201.188.25.2
113,Prescott,Gemelli,pgemelli34@symantec.com,Male,196.74.245.60
114,Maribeth,Matteucci,mmatteucci35@harvard.edu,Female,78.234.231.232
115,Ruggiero,Borzoni,rborzoni36@salon.com,Agender,160.201.28.136
116,Ellette,Ferruzzi,eferruzzi37@vkontakte.ru,Female,65.73.213.63
117,Oona,Astles,oastles38@bizjournals.com,Female,180.116.159.31
118,Christabella,McArley,cmcarley39@wiley.com,Female,37.109.201.22
119,Chrissie,Paschek,cpaschek3a@telegraph.co.uk,Male,30.76.42.132
120,Margret,Prout,mprout3b@mapy.cz,Female,246.234.190.79
121,Alyse,Alphege,aalphege3c@amazon.com,Female,234.27.218.23
122,Dehlia,Meadus,dmeadus3d@cdc.gov,Female,209.77.45.131
123,Hamid,Renner,hrenner3e@icq.com,Male,207.2.7.178
124,Ralina,Gillitt,rgillitt3f@hatena.ne.jp,Female,138.199.156.11
125,Stephi,Casina,scasina3g@ucsd.edu,Female,76.130.3.204
126,Tildi,Scritch,tscritch3h@sun.com,Female,8.189.82.203
127,Hyacintha,Grunguer,hgrunguer3i@pagesperso-orange.fr,Female,79.186.47.248
128,Julie,Andrusyak,jandrusyak3j@forbes.com,Genderfluid,35.129.184.233
129,Beatrisa,Trathen,btrathen3k@usgs.gov,Polygender,176.54.167.90
130,Ursuline,Haslum,uhaslum3l@tripadvisor.com,Female,38.147.162.105
131,Kane,Fairlaw,kfairlaw3m@mit.edu,Male,197.38.159.86
132,Josiah,Swannick,jswannick3n@devhub.com,Male,202.146.110.245
133,Meara,Dillamore,mdillamore3o@sphinn.com,Female,28.23.26.100
134,Ceciley,Killwick,ckillwick3p@pcworld.com,Female,164.176.189.150
135,Meir,Turbefield,mturbefield3q@issuu.com,Male,228.19.205.204
136,Munmro,Drever,mdrever3r@phoca.cz,Male,150.162.43.89
137,Nannette,Kohrt,nkohrt3s@topsy.com,Female,153.116.98.2
138,Serge,Cullimore,scullimore3t@bing.com,Male,31.231.57.101
139,Cthrine,Tanswell,ctanswell3u@ed.gov,Female,138.191.246.177
140,Ringo,Thackham,rthackham3v@ow.ly,Male,95.94.9.254
141,Melodee,Figgen,mfiggen3w@g.co,Female,56.246.23.232
142,Hillary,Peppett,hpeppett3x@dion.ne.jp,Male,109.170.114.171
143,Ahmed,Ruecastle,aruecastle3y@squidoo.com,Male,199.19.78.102
144,Dyna,Navarre,dnavarre3z@timesonline.co.uk,Female,127.8.81.239
145,Rosita,Mulryan,rmulryan40@live.com,Female,21.181.37.178
146,Dame,Gallehock,dgallehock41@vkontakte.ru,Male,178.28.222.149
147,Odelia,Greenshiels,ogreenshiels42@google.cn,Female,10.49.171.146
148,Jay,Elsey,jelsey43@census.gov,Male,101.61.155.176
149,Leeanne,Maskill,lmaskill44@nytimes.com,Female,203.188.130.132
150,Katie,Anglish,kanglish45@engadget.com,Female,43.19.193.112
151,Bogart,Lambarth,blambarth46@epa.gov,Male,242.27.57.112
152,Jervis,Oliff,joliff47@netvibes.com,Male,128.85.92.83
153,Marlene,Casewell,mcasewell48@netscape.com,Female,138.94.138.124
154,Amelita,Puddan,apuddan49@elpais.com,Female,202.9.245.145
155,Lauren,Barrington,lbarrington4a@desdev.cn,Male,168.198.133.23
156,Gannon,Canadine,gcanadine4b@liveinternet.ru,Male,254.254.78.248
157,Glynis,Crudgington,gcrudgington4c@gizmodo.com,Female,111.91.219.52
158,Leoine,Upham,lupham4d@si.edu,Female,40.5.34.23
159,Fred,Mithon,fmithon4e@gov.uk,Female,80.94.25.69
160,Ezra,Mensler,emensler4f@msu.edu,Male,237.116.206.222
161,Xaviera,Mayer,xmayer4g@vk.com,Female,138.135.96.89
162,Tandy,Tonry,ttonry4h@nasa.gov,Genderqueer,54.175.122.205
163,Bevin,Sampey,bsampey4i@google.ca,Male,254.185.67.255
164,Erena,Antoniou,eantoniou4j@comcast.net,Polygender,211.222.117.107
165,Lanita,Gowanlock,lgowanlock4k@ibm.com,Female,126.230.203.75
166,Abbie,Radloff,aradloff4l@pen.io,Female,90.35.53.153
167,Leif,Easom,leasom4m@reverbnation.com,Male,75.152.126.30
168,Northrop,Ruddlesden,nruddlesden4n@flavors.me,Male,179.183.59.21
169,Porter,Aldersley,paldersley4o@wikimedia.org,Male,155.150.130.42
170,Piotr,Chasteau,pchasteau4p@princeton.edu,Male,134.229.80.185
171,Laryssa,Cleworth,lcleworth4q@istockphoto.com,Female,119.136.119.85
172,Yancey,Kebell,ykebell4r@acquirethisname.com,Male,56.230.173.225
173,Waly,Treker,wtreker4s@auda.org.au,Female,60.5.78.74
174,Arleta,Dilliston,adilliston4t@tuttocitta.it,Female,61.68.82.214
175,Reggie,Keer,rkeer4u@sina.com.cn,Male,12.56.151.233
176,Lutero,Pochon,lpochon4v@illinois.edu,Male,157.65.197.237
177,Noreen,Fossick,nfossick4w@pinterest.com,Female,39.138.193.81
178,Raddy,Winning,rwinning4x@phoca.cz,Male,127.147.244.239
179,Juan,Vanelli,jvanelli4y@google.co.jp,Male,29.135.116.29
180,Vannie,Merrgen,vmerrgen4z@google.co.uk,Female,116.58.255.202
181,Eli,Blunn,eblunn50@joomla.org,Male,205.67.70.5
182,Erhard,Bullcock,ebullcock51@techcrunch.com,Male,87.122.220.151
183,Emmi,Emanueli,eemanueli52@yahoo.com,Non-binary,109.189.119.12
184,Vernen,Gilchrist,vgilchrist53@hhs.gov,Male,205.66.211.142
185,Paten,Hordle,phordle54@admin.ch,Male,4.15.0.61
186,Gray,Andrzej,gandrzej55@telegraph.co.uk,Female,35.62.85.220
187,Alida,Cush,acush56@nsw.gov.au,Female,163.191.239.183
188,Stanton,Eccleston,seccleston57@theglobeandmail.com,Male,115.220.244.223
189,Alleen,Gley,agley58@prlog.org,Female,79.120.4.89
190,Alla,Hause,ahause59@devhub.com,Female,164.208.187.206
191,Ronica,Banghe,rbanghe5a@senate.gov,Female,130.123.5.9
192,Katie,Breedy,kbreedy5b@pen.io,Female,187.186.103.195
193,Alberta,O'Dougherty,aodougherty5c@sciencedaily.com,Female,121.169.77.78
194,Alden,Billson,abillson5d@prlog.org,Male,111.178.250.3
195,Haley,Shapera,hshapera5e@mlb.com,Male,248.213.108.34
196,Ulrika,Mineghelli,umineghelli5f@xing.com,Female,7.85.56.84
197,Davy,Hedlestone,dhedlestone5g@fc2.com,Male,171.246.214.198
198,Roxi,Bignal,rbignal5h@discovery.com,Female,118.116.50.172
199,Valida,Kuhn,vkuhn5i@constantcontact.com,Female,204.152.219.187
200,Rowe,Dixie,rdixie5j@google.de,Female,91.110.20.19
201,Cynthia,Briatt,cbriatt5k@phpbb.com,Non-binary,134.8.11.112
202,Noelani,Rumble,nrumble5l@patch.com,Female,70.48.36.177
203,Rem,Dauby,rdauby5m@alibaba.com,Male,52.102.164.93
204,Gay,Broxton,gbroxton5n@disqus.com,Male,200.35.207.38
205,Molli,Tookey,mtookey5o@hao123.com,Female,175.93.59.18
206,Shaylyn,Simants,ssimants5p@ning.com,Female,17.37.107.140
207,Griffy,Korneluk,gkorneluk5q@plala.or.jp,Male,20.239.128.211
208,Marcille,Aery,maery5r@state.tx.us,Female,248.1.250.55
209,Elva,Roddell,eroddell5s@freewebs.com,Female,246.11.46.140
210,Myrle,Attride,mattride5t@adobe.com,Non-binary,124.120.148.128
211,Baxter,Gabala,bgabala5u@cbslocal.com,Male,53.19.112.104
212,Elna,Keasy,ekeasy5v@dion.ne.jp,Female,174.133.242.202
213,Amandy,Danniel,adanniel5w@tuttocitta.it,Female,190.248.5.84
214,Verile,Delgua,vdelgua5x@list-manage.com,Female,88.206.40.218
215,Erastus,Myderscough,emyderscough5y@walmart.com,Male,14.233.231.174
216,Jo,Sarl,jsarl5z@apple.com,Male,163.114.240.165
217,Evita,Haddacks,ehaddacks60@deliciousdays.com,Female,249.164.99.164
218,Joella,Bea,jbea61@state.gov,Female,252.172.33.193
219,Sandy,Cambridge,scambridge62@dailymail.co.uk,Female,51.85.119.149
220,Temple,Czadla,tczadla63@theglobeandmail.com,Male,227.135.22.98
221,Rosemonde,Donkersley,rdonkersley64@howstuffworks.com,Female,240.100.69.218
222,Alexine,Bixley,abixley65@weather.com,Female,111.206.176.104

